date	high	high	high	high
2019-01-02 09:30:00-05:00	150.99	150.99	150.99	150.99
2019-01-02 09:30:01-05:00	150.97	150.97	150.97	150.97
2019-01-02 09:30:02-05:00	150.97	150.97	150.97	150.97
2019-01-02 09:30:03-05:00	151.03	151.03	151.03	151.03
2019-01-02 09:30:04-05:00	151.01	151.01	151.01	151.01
2019-01-02 09:30:05-05:00	150.94	150.94	150.94	150.94
2019-01-02 09:30:06-05:00	150.97	150.97	150.97	150.97
2019-01-02 09:30:07-05:00	150.95	150.95	150.95	150.95
2019-01-02 09:30:08-05:00	150.95	150.95	150.95	150.95
2019-01-02 09:30:09-05:00	150.96	150.96	150.96	150.96
2019-01-02 09:30:10-05:00	150.99	150.99	150.99	150.99
2019-01-02 09:30:11-05:00	151	151	151	151
2019-01-02 09:30:12-05:00	150.99	150.99	150.99	150.99
2019-01-02 09:30:13-05:00	150.97	150.97	150.97	150.97
2019-01-02 09:30:14-05:00	150.98	150.98	150.98	150.98
2019-01-02 09:30:15-05:00	150.97	150.97	150.97	150.97
2019-01-02 09:30:16-05:00	150.95	150.95	150.95	150.95
2019-01-02 09:30:17-05:00	150.98	150.98	150.98	150.98
2019-01-02 09:30:18-05:00	151	151	151	151
2019-01-02 09:30:19-05:00	151	151	151	151
2019-01-02 09:30:20-05:00	151	151	151	151
2019-01-02 09:30:21-05:00	151.04	151.04	151.04	151.04
2019-01-02 09:30:22-05:00	151.08	151.08	151.08	151.08
2019-01-02 09:30:23-05:00	151.09	151.09	151.09	151.09
2019-01-02 09:30:24-05:00	151.08	151.08	151.08	151.08
2019-01-02 09:30:25-05:00	151.11	151.11	151.11	151.11
2019-01-02 09:30:26-05:00	151.15	151.15	151.15	151.15
2019-01-02 09:30:27-05:00	151.13	151.13	151.13	151.13
2019-01-02 09:30:28-05:00	151.13	151.13	151.13	151.13
2019-01-02 09:30:29-05:00	151.1	151.1	151.1	151.1
2019-01-02 09:30:30-05:00	151.09	151.09	151.09	151.09
2019-01-02 09:30:31-05:00	151.08	151.08	151.08	151.08
2019-01-02 09:30:32-05:00	151.1	151.1	151.1	151.1
2019-01-02 09:30:33-05:00	151.13	151.13	151.13	151.13
2019-01-02 09:30:34-05:00	151.13	151.13	151.13	151.13
2019-01-02 09:30:35-05:00	151.14	151.14	151.14	151.14
2019-01-02 09:30:36-05:00	151.13	151.13	151.13	151.13
2019-01-02 09:30:37-05:00	151.15	151.15	151.15	151.15
2019-01-02 09:30:38-05:00	151.18	151.18	151.18	151.18
2019-01-02 09:30:39-05:00	151.16	151.16	151.16	151.16
2019-01-02 09:30:40-05:00	151.15	151.15	151.15	151.15
2019-01-02 09:30:41-05:00	151.15	151.15	151.15	151.15
2019-01-02 09:30:42-05:00	151.16	151.16	151.16	151.16
2019-01-02 09:30:43-05:00	151.12	151.12	151.12	151.12
2019-01-02 09:30:44-05:00	151.14	151.14	151.14	151.14
2019-01-02 09:30:45-05:00	151.24	151.24	151.24	151.24
2019-01-02 09:30:46-05:00	151.25	151.25	151.25	151.25
2019-01-02 09:30:47-05:00	151.26	151.26	151.26	151.26
2019-01-02 09:30:48-05:00	151.27	151.27	151.27	151.27
2019-01-02 09:30:49-05:00	151.26	151.26	151.26	151.26
2019-01-02 09:30:50-05:00	151.25	151.25	151.25	151.25
2019-01-02 09:30:51-05:00	151.26	151.26	151.26	151.26
2019-01-02 09:30:52-05:00	151.28	151.28	151.28	151.28
2019-01-02 09:30:53-05:00	151.27	151.27	151.27	151.27
2019-01-02 09:30:54-05:00	151.26	151.26	151.26	151.26
2019-01-02 09:30:55-05:00	151.19	151.19	151.19	151.19
2019-01-02 09:30:56-05:00	151.21	151.21	151.21	151.21
2019-01-02 09:30:57-05:00	151.18	151.18	151.18	151.18
2019-01-02 09:30:58-05:00	151.14	151.14	151.14	151.14
2019-01-02 09:30:59-05:00	151.13	151.13	151.13	151.13
2019-01-02 09:31:00-05:00	151.11	151.11	151.11	151.11
2019-01-02 09:31:01-05:00	151.25	151.25	151.25	151.25
2019-01-02 09:31:02-05:00	151.31	151.31	151.31	151.31
2019-01-02 09:31:03-05:00	151.33	151.33	151.33	151.33
2019-01-02 09:31:04-05:00	151.39	151.39	151.39	151.39
2019-01-02 09:31:05-05:00	151.4	151.4	151.4	151.4
2019-01-02 09:31:06-05:00	151.37	151.37	151.37	151.37
2019-01-02 09:31:07-05:00	151.36	151.36	151.36	151.36
2019-01-02 09:31:08-05:00	151.38	151.38	151.38	151.38
2019-01-02 09:31:09-05:00	151.39	151.39	151.39	151.39
2019-01-02 09:31:10-05:00	151.39	151.39	151.39	151.39
2019-01-02 09:31:11-05:00	151.36	151.36	151.36	151.36
2019-01-02 09:31:12-05:00	151.32	151.32	151.32	151.32
2019-01-02 09:31:13-05:00	151.31	151.31	151.31	151.31
2019-01-02 09:31:14-05:00	151.36	151.36	151.36	151.36
2019-01-02 09:31:15-05:00	151.4	151.4	151.4	151.4
2019-01-02 09:31:16-05:00	151.39	151.39	151.39	151.39
2019-01-02 09:31:17-05:00	151.4	151.4	151.4	151.4
2019-01-02 09:31:18-05:00	151.43	151.43	151.43	151.43
2019-01-02 09:31:19-05:00	151.42	151.42	151.42	151.42
2019-01-02 09:31:20-05:00	151.44	151.44	151.44	151.44
2019-01-02 09:31:21-05:00	151.44	151.44	151.44	151.44
2019-01-02 09:31:22-05:00	151.46	151.46	151.46	151.46
2019-01-02 09:31:23-05:00	151.48	151.48	151.48	151.48
2019-01-02 09:31:24-05:00	151.49	151.49	151.49	151.49
2019-01-02 09:31:25-05:00	151.49	151.49	151.49	151.49
2019-01-02 09:31:26-05:00	151.52	151.52	151.52	151.52
2019-01-02 09:31:27-05:00	151.55	151.55	151.55	151.55
2019-01-02 09:31:28-05:00	151.57	151.57	151.57	151.57
2019-01-02 09:31:29-05:00	151.58	151.58	151.58	151.58
2019-01-02 09:31:30-05:00	151.56	151.56	151.56	151.56
2019-01-02 09:31:31-05:00	151.56	151.56	151.56	151.56
2019-01-02 09:31:32-05:00	151.54	151.54	151.54	151.54
2019-01-02 09:31:33-05:00	151.5	151.5	151.5	151.5
2019-01-02 09:31:34-05:00	151.48	151.48	151.48	151.48
2019-01-02 09:31:35-05:00	151.5	151.5	151.5	151.5
2019-01-02 09:31:36-05:00	151.5	151.5	151.5	151.5
2019-01-02 09:31:37-05:00	151.5	151.5	151.5	151.5
2019-01-02 09:31:38-05:00	151.51	151.51	151.51	151.51
2019-01-02 09:31:39-05:00	151.53	151.53	151.53	151.53
2019-01-02 09:31:40-05:00	151.53	151.53	151.53	151.53
2019-01-02 09:31:41-05:00	151.54	151.54	151.54	151.54
2019-01-02 09:31:42-05:00	151.56	151.56	151.56	151.56
2019-01-02 09:31:43-05:00	151.57	151.57	151.57	151.57
2019-01-02 09:31:44-05:00	151.56	151.56	151.56	151.56
2019-01-02 09:31:45-05:00	151.56	151.56	151.56	151.56
2019-01-02 09:31:46-05:00	151.56	151.56	151.56	151.56
2019-01-02 09:31:47-05:00	151.57	151.57	151.57	151.57
2019-01-02 09:31:48-05:00	151.56	151.56	151.56	151.56
2019-01-02 09:31:49-05:00	151.6	151.6	151.6	151.6
2019-01-02 09:31:50-05:00	151.58	151.58	151.58	151.58
2019-01-02 09:31:51-05:00	151.59	151.59	151.59	151.59
2019-01-02 09:31:52-05:00	151.56	151.56	151.56	151.56
2019-01-02 09:31:53-05:00	151.54	151.54	151.54	151.54
2019-01-02 09:31:54-05:00	151.55	151.55	151.55	151.55
2019-01-02 09:31:55-05:00	151.56	151.56	151.56	151.56
2019-01-02 09:31:56-05:00	151.55	151.55	151.55	151.55
2019-01-02 09:31:57-05:00	151.54	151.54	151.54	151.54
2019-01-02 09:31:58-05:00	151.54	151.54	151.54	151.54
2019-01-02 09:31:59-05:00	151.54	151.54	151.54	151.54
2019-01-02 09:32:00-05:00	151.48	151.48	151.48	151.48
2019-01-02 09:32:01-05:00	151.47	151.47	151.47	151.47
2019-01-02 09:32:02-05:00	151.49	151.49	151.49	151.49
2019-01-02 09:32:03-05:00	151.48	151.48	151.48	151.48
2019-01-02 09:32:04-05:00	151.52	151.52	151.52	151.52
2019-01-02 09:32:05-05:00	151.52	151.52	151.52	151.52
2019-01-02 09:32:06-05:00	151.56	151.56	151.56	151.56
2019-01-02 09:32:07-05:00	151.57	151.57	151.57	151.57
2019-01-02 09:32:08-05:00	151.55	151.55	151.55	151.55
2019-01-02 09:32:09-05:00	151.58	151.58	151.58	151.58
2019-01-02 09:32:10-05:00	151.63	151.63	151.63	151.63
2019-01-02 09:32:11-05:00	151.62	151.62	151.62	151.62
2019-01-02 09:32:12-05:00	151.59	151.59	151.59	151.59
2019-01-02 09:32:13-05:00	151.59	151.59	151.59	151.59
2019-01-02 09:32:14-05:00	151.59	151.59	151.59	151.59
2019-01-02 09:32:15-05:00	151.55	151.55	151.55	151.55
2019-01-02 09:32:16-05:00	151.55	151.55	151.55	151.55
2019-01-02 09:32:17-05:00	151.56	151.56	151.56	151.56
2019-01-02 09:32:18-05:00	151.56	151.56	151.56	151.56
2019-01-02 09:32:19-05:00	151.56	151.56	151.56	151.56
2019-01-02 09:32:20-05:00	151.54	151.54	151.54	151.54
2019-01-02 09:32:21-05:00	151.55	151.55	151.55	151.55
2019-01-02 09:32:22-05:00	151.59	151.59	151.59	151.59
2019-01-02 09:32:23-05:00	151.58	151.58	151.58	151.58
2019-01-02 09:32:24-05:00	151.63	151.63	151.63	151.63
2019-01-02 09:32:25-05:00	151.67	151.67	151.67	151.67
2019-01-02 09:32:26-05:00	151.67	151.67	151.67	151.67
2019-01-02 09:32:27-05:00	151.69	151.69	151.69	151.69
2019-01-02 09:32:28-05:00	151.67	151.67	151.67	151.67
2019-01-02 09:32:29-05:00	151.67	151.67	151.67	151.67
2019-01-02 09:32:30-05:00	151.67	151.67	151.67	151.67
2019-01-02 09:32:31-05:00	151.62	151.62	151.62	151.62
2019-01-02 09:32:32-05:00	151.62	151.62	151.62	151.62
2019-01-02 09:32:33-05:00	151.64	151.64	151.64	151.64
2019-01-02 09:32:34-05:00	151.6	151.6	151.6	151.6
2019-01-02 09:32:35-05:00	151.6	151.6	151.6	151.6
2019-01-02 09:32:36-05:00	151.6	151.6	151.6	151.6
2019-01-02 09:32:37-05:00	151.59	151.59	151.59	151.59
2019-01-02 09:32:38-05:00	151.63	151.63	151.63	151.63
2019-01-02 09:32:39-05:00	151.59	151.59	151.59	151.59
2019-01-02 09:32:40-05:00	151.58	151.58	151.58	151.58
2019-01-02 09:32:41-05:00	151.58	151.58	151.58	151.58
2019-01-02 09:32:42-05:00	151.58	151.58	151.58	151.58
2019-01-02 09:32:43-05:00	151.53	151.53	151.53	151.53
2019-01-02 09:32:44-05:00	151.51	151.51	151.51	151.51
2019-01-02 09:32:45-05:00	151.57	151.57	151.57	151.57
2019-01-02 09:32:46-05:00	151.54	151.54	151.54	151.54
2019-01-02 09:32:47-05:00	151.55	151.55	151.55	151.55
2019-01-02 09:32:48-05:00	151.53	151.53	151.53	151.53
2019-01-02 09:32:49-05:00	151.47	151.47	151.47	151.47
2019-01-02 09:32:50-05:00	151.51	151.51	151.51	151.51
2019-01-02 09:32:51-05:00	151.52	151.52	151.52	151.52
2019-01-02 09:32:52-05:00	151.51	151.51	151.51	151.51
2019-01-02 09:32:53-05:00	151.55	151.55	151.55	151.55
2019-01-02 09:32:54-05:00	151.55	151.55	151.55	151.55
2019-01-02 09:32:55-05:00	151.53	151.53	151.53	151.53
2019-01-02 09:32:56-05:00	151.55	151.55	151.55	151.55
2019-01-02 09:32:57-05:00	151.57	151.57	151.57	151.57
2019-01-02 09:32:58-05:00	151.59	151.59	151.59	151.59
2019-01-02 09:32:59-05:00	151.52	151.52	151.52	151.52
2019-01-02 09:33:00-05:00	151.52	151.52	151.52	151.52
2019-01-02 09:33:01-05:00	151.48	151.48	151.48	151.48
2019-01-02 09:33:02-05:00	151.47	151.47	151.47	151.47
2019-01-02 09:33:03-05:00	151.46	151.46	151.46	151.46
2019-01-02 09:33:04-05:00	151.46	151.46	151.46	151.46
2019-01-02 09:33:05-05:00	151.43	151.43	151.43	151.43
2019-01-02 09:33:06-05:00	151.46	151.46	151.46	151.46
2019-01-02 09:33:07-05:00	151.44	151.44	151.44	151.44
2019-01-02 09:33:08-05:00	151.43	151.43	151.43	151.43
2019-01-02 09:33:09-05:00	151.43	151.43	151.43	151.43
2019-01-02 09:33:10-05:00	151.45	151.45	151.45	151.45
2019-01-02 09:33:11-05:00	151.44	151.44	151.44	151.44
2019-01-02 09:33:12-05:00	151.45	151.45	151.45	151.45
2019-01-02 09:33:13-05:00	151.5	151.5	151.5	151.5
2019-01-02 09:33:14-05:00	151.54	151.54	151.54	151.54
2019-01-02 09:33:15-05:00	151.51	151.51	151.51	151.51
2019-01-02 09:33:16-05:00	151.5	151.5	151.5	151.5
2019-01-02 09:33:17-05:00	151.47	151.47	151.47	151.47
2019-01-02 09:33:18-05:00	151.48	151.48	151.48	151.48
2019-01-02 09:33:19-05:00	151.45	151.45	151.45	151.45
2019-01-02 09:33:20-05:00	151.41	151.41	151.41	151.41
2019-01-02 09:33:21-05:00	151.42	151.42	151.42	151.42
2019-01-02 09:33:23-05:00	151.42	151.42	151.42	151.42
2019-01-02 09:33:24-05:00	151.4	151.4	151.4	151.4
2019-01-02 09:33:25-05:00	151.42	151.42	151.42	151.42
2019-01-02 09:33:26-05:00	151.42	151.42	151.42	151.42
2019-01-02 09:33:27-05:00	151.42	151.42	151.42	151.42
2019-01-02 09:33:28-05:00	151.44	151.44	151.44	151.44
2019-01-02 09:33:29-05:00	151.42	151.42	151.42	151.42
2019-01-02 09:33:30-05:00	151.41	151.41	151.41	151.41
2019-01-02 09:33:31-05:00	151.42	151.42	151.42	151.42
2019-01-02 09:33:32-05:00	151.41	151.41	151.41	151.41
2019-01-02 09:33:33-05:00	151.46	151.46	151.46	151.46
2019-01-02 09:33:34-05:00	151.46	151.46	151.46	151.46
2019-01-02 09:33:35-05:00	151.51	151.51	151.51	151.51
2019-01-02 09:33:36-05:00	151.52	151.52	151.52	151.52
2019-01-02 09:33:37-05:00	151.48	151.48	151.48	151.48
2019-01-02 09:33:38-05:00	151.55	151.55	151.55	151.55
2019-01-02 09:33:39-05:00	151.58	151.58	151.58	151.58
2019-01-02 09:33:40-05:00	151.58	151.58	151.58	151.58
2019-01-02 09:33:41-05:00	151.56	151.56	151.56	151.56
2019-01-02 09:33:42-05:00	151.57	151.57	151.57	151.57
2019-01-02 09:33:43-05:00	151.59	151.59	151.59	151.59
2019-01-02 09:33:44-05:00	151.61	151.61	151.61	151.61
2019-01-02 09:33:45-05:00	151.61	151.61	151.61	151.61
2019-01-02 09:33:46-05:00	151.61	151.61	151.61	151.61
2019-01-02 09:33:47-05:00	151.63	151.63	151.63	151.63
2019-01-02 09:33:48-05:00	151.64	151.64	151.64	151.64
2019-01-02 09:33:49-05:00	151.67	151.67	151.67	151.67
2019-01-02 09:33:50-05:00	151.68	151.68	151.68	151.68
2019-01-02 09:33:51-05:00	151.69	151.69	151.69	151.69
2019-01-02 09:33:52-05:00	151.66	151.66	151.66	151.66
2019-01-02 09:33:53-05:00	151.62	151.62	151.62	151.62
2019-01-02 09:33:54-05:00	151.57	151.57	151.57	151.57
2019-01-02 09:33:55-05:00	151.55	151.55	151.55	151.55
2019-01-02 09:33:56-05:00	151.56	151.56	151.56	151.56
2019-01-02 09:33:57-05:00	151.55	151.55	151.55	151.55
2019-01-02 09:33:58-05:00	151.53	151.53	151.53	151.53
2019-01-02 09:33:59-05:00	151.53	151.53	151.53	151.53
2019-01-02 09:34:00-05:00	151.59	151.59	151.59	151.59
2019-01-02 09:34:01-05:00	151.6	151.6	151.6	151.6
2019-01-02 09:34:02-05:00	151.58	151.58	151.58	151.58
2019-01-02 09:34:03-05:00	151.61	151.61	151.61	151.61
2019-01-02 09:34:04-05:00	151.58	151.58	151.58	151.58
2019-01-02 09:34:05-05:00	151.57	151.57	151.57	151.57
2019-01-02 09:34:06-05:00	151.54	151.54	151.54	151.54
2019-01-02 09:34:07-05:00	151.52	151.52	151.52	151.52
2019-01-02 09:34:08-05:00	151.52	151.52	151.52	151.52
2019-01-02 09:34:09-05:00	151.55	151.55	151.55	151.55
2019-01-02 09:34:10-05:00	151.53	151.53	151.53	151.53
2019-01-02 09:34:11-05:00	151.56	151.56	151.56	151.56
2019-01-02 09:34:12-05:00	151.52	151.52	151.52	151.52
2019-01-02 09:34:13-05:00	151.53	151.53	151.53	151.53
2019-01-02 09:34:14-05:00	151.55	151.55	151.55	151.55
2019-01-02 09:34:15-05:00	151.56	151.56	151.56	151.56
2019-01-02 09:34:16-05:00	151.59	151.59	151.59	151.59
2019-01-02 09:34:17-05:00	151.57	151.57	151.57	151.57
2019-01-02 09:34:18-05:00	151.57	151.57	151.57	151.57
2019-01-02 09:34:19-05:00	151.63	151.63	151.63	151.63
2019-01-02 09:34:20-05:00	151.62	151.62	151.62	151.62
2019-01-02 09:34:21-05:00	151.65	151.65	151.65	151.65
2019-01-02 09:34:22-05:00	151.66	151.66	151.66	151.66
2019-01-02 09:34:23-05:00	151.67	151.67	151.67	151.67
2019-01-02 09:34:24-05:00	151.73	151.73	151.73	151.73
2019-01-02 09:34:25-05:00	151.72	151.72	151.72	151.72
2019-01-02 09:34:26-05:00	151.74	151.74	151.74	151.74
2019-01-02 09:34:27-05:00	151.75	151.75	151.75	151.75
2019-01-02 09:34:28-05:00	151.74	151.74	151.74	151.74
2019-01-02 09:34:29-05:00	151.73	151.73	151.73	151.73
2019-01-02 09:34:30-05:00	151.74	151.74	151.74	151.74
2019-01-02 09:34:31-05:00	151.77	151.77	151.77	151.77
2019-01-02 09:34:32-05:00	151.77	151.77	151.77	151.77
2019-01-02 09:34:34-05:00	151.76	151.76	151.76	151.76
2019-01-02 09:34:35-05:00	151.75	151.75	151.75	151.75
2019-01-02 09:34:36-05:00	151.73	151.73	151.73	151.73
2019-01-02 09:34:37-05:00	151.66	151.66	151.66	151.66
2019-01-02 09:34:38-05:00	151.62	151.62	151.62	151.62
2019-01-02 09:34:39-05:00	151.62	151.62	151.62	151.62
2019-01-02 09:34:40-05:00	151.65	151.65	151.65	151.65
2019-01-02 09:34:41-05:00	151.68	151.68	151.68	151.68
2019-01-02 09:34:42-05:00	151.69	151.69	151.69	151.69
2019-01-02 09:34:43-05:00	151.68	151.68	151.68	151.68
2019-01-02 09:34:44-05:00	151.67	151.67	151.67	151.67
2019-01-02 09:34:45-05:00	151.59	151.59	151.59	151.59
2019-01-02 09:34:46-05:00	151.56	151.56	151.56	151.56
2019-01-02 09:34:47-05:00	151.56	151.56	151.56	151.56
2019-01-02 09:34:48-05:00	151.61	151.61	151.61	151.61
2019-01-02 09:34:49-05:00	151.56	151.56	151.56	151.56
2019-01-02 09:34:50-05:00	151.55	151.55	151.55	151.55
2019-01-02 09:34:51-05:00	151.57	151.57	151.57	151.57
2019-01-02 09:34:52-05:00	151.63	151.63	151.63	151.63
2019-01-02 09:34:53-05:00	151.66	151.66	151.66	151.66
2019-01-02 09:34:54-05:00	151.7	151.7	151.7	151.7
2019-01-02 09:34:55-05:00	151.68	151.68	151.68	151.68
2019-01-02 09:34:56-05:00	151.65	151.65	151.65	151.65
2019-01-02 09:34:57-05:00	151.62	151.62	151.62	151.62
2019-01-02 09:34:58-05:00	151.62	151.62	151.62	151.62
2019-01-02 09:34:59-05:00	151.63	151.63	151.63	151.63
2019-01-02 09:35:00-05:00	151.62	151.62	151.62	151.62
2019-01-02 09:35:01-05:00	151.65	151.65	151.65	151.65
2019-01-02 09:35:02-05:00	151.6	151.6	151.6	151.6
2019-01-02 09:35:03-05:00	151.54	151.54	151.54	151.54
2019-01-02 09:35:04-05:00	151.52	151.52	151.52	151.52
2019-01-02 09:35:05-05:00	151.52	151.52	151.52	151.52
2019-01-02 09:35:06-05:00	151.47	151.47	151.47	151.47
2019-01-02 09:35:07-05:00	151.45	151.45	151.45	151.45
2019-01-02 09:35:08-05:00	151.39	151.39	151.39	151.39
2019-01-02 09:35:09-05:00	151.3	151.3	151.3	151.3
2019-01-02 09:35:10-05:00	151.32	151.32	151.32	151.32
2019-01-02 09:35:11-05:00	151.34	151.34	151.34	151.34
2019-01-02 09:35:12-05:00	151.34	151.34	151.34	151.34
2019-01-02 09:35:13-05:00	151.31	151.31	151.31	151.31
2019-01-02 09:35:14-05:00	151.29	151.29	151.29	151.29
2019-01-02 09:35:15-05:00	151.3	151.3	151.3	151.3
2019-01-02 09:35:16-05:00	151.31	151.31	151.31	151.31
2019-01-02 09:35:17-05:00	151.31	151.31	151.31	151.31
2019-01-02 09:35:18-05:00	151.31	151.31	151.31	151.31
2019-01-02 09:35:19-05:00	151.31	151.31	151.31	151.31
2019-01-02 09:35:20-05:00	151.3	151.3	151.3	151.3
2019-01-02 09:35:21-05:00	151.33	151.33	151.33	151.33
2019-01-02 09:35:22-05:00	151.3	151.3	151.3	151.3
2019-01-02 09:35:23-05:00	151.3	151.3	151.3	151.3
2019-01-02 09:35:24-05:00	151.29	151.29	151.29	151.29
2019-01-02 09:35:25-05:00	151.32	151.32	151.32	151.32
2019-01-02 09:35:26-05:00	151.35	151.35	151.35	151.35
2019-01-02 09:35:27-05:00	151.36	151.36	151.36	151.36
2019-01-02 09:35:28-05:00	151.35	151.35	151.35	151.35
2019-01-02 09:35:29-05:00	151.35	151.35	151.35	151.35
2019-01-02 09:35:30-05:00	151.37	151.37	151.37	151.37
2019-01-02 09:35:31-05:00	151.4	151.4	151.4	151.4
2019-01-02 09:35:32-05:00	151.41	151.41	151.41	151.41
2019-01-02 09:35:33-05:00	151.42	151.42	151.42	151.42
2019-01-02 09:35:34-05:00	151.43	151.43	151.43	151.43
2019-01-02 09:35:35-05:00	151.42	151.42	151.42	151.42
2019-01-02 09:35:36-05:00	151.49	151.49	151.49	151.49
2019-01-02 09:35:37-05:00	151.44	151.44	151.44	151.44
2019-01-02 09:35:38-05:00	151.45	151.45	151.45	151.45
2019-01-02 09:35:39-05:00	151.44	151.44	151.44	151.44
2019-01-02 09:35:40-05:00	151.51	151.51	151.51	151.51
2019-01-02 09:35:41-05:00	151.55	151.55	151.55	151.55
2019-01-02 09:35:42-05:00	151.59	151.59	151.59	151.59
2019-01-02 09:35:43-05:00	151.59	151.59	151.59	151.59
2019-01-02 09:35:44-05:00	151.58	151.58	151.58	151.58
2019-01-02 09:35:45-05:00	151.58	151.58	151.58	151.58
2019-01-02 09:35:46-05:00	151.61	151.61	151.61	151.61
2019-01-02 09:35:47-05:00	151.63	151.63	151.63	151.63
2019-01-02 09:35:48-05:00	151.65	151.65	151.65	151.65
2019-01-02 09:35:49-05:00	151.63	151.63	151.63	151.63
2019-01-02 09:35:50-05:00	151.63	151.63	151.63	151.63
2019-01-02 09:35:51-05:00	151.6	151.6	151.6	151.6
2019-01-02 09:35:52-05:00	151.62	151.62	151.62	151.62
2019-01-02 09:35:53-05:00	151.62	151.62	151.62	151.62
2019-01-02 09:35:54-05:00	151.6	151.6	151.6	151.6
2019-01-02 09:35:55-05:00	151.55	151.55	151.55	151.55
2019-01-02 09:35:56-05:00	151.5	151.5	151.5	151.5
2019-01-02 09:35:57-05:00	151.51	151.51	151.51	151.51
2019-01-02 09:35:58-05:00	151.54	151.54	151.54	151.54
2019-01-02 09:35:59-05:00	151.54	151.54	151.54	151.54
2019-01-02 09:36:00-05:00	151.54	151.54	151.54	151.54
2019-01-02 09:36:01-05:00	151.54	151.54	151.54	151.54
2019-01-02 09:36:02-05:00	151.56	151.56	151.56	151.56
2019-01-02 09:36:03-05:00	151.57	151.57	151.57	151.57
2019-01-02 09:36:04-05:00	151.61	151.61	151.61	151.61
2019-01-02 09:36:05-05:00	151.64	151.64	151.64	151.64
2019-01-02 09:36:06-05:00	151.67	151.67	151.67	151.67
2019-01-02 09:36:07-05:00	151.73	151.73	151.73	151.73
2019-01-02 09:36:08-05:00	151.7	151.7	151.7	151.7
2019-01-02 09:36:09-05:00	151.76	151.76	151.76	151.76
2019-01-02 09:36:10-05:00	151.74	151.74	151.74	151.74
2019-01-02 09:36:11-05:00	151.76	151.76	151.76	151.76
2019-01-02 09:36:12-05:00	151.82	151.82	151.82	151.82
2019-01-02 09:36:13-05:00	151.81	151.81	151.81	151.81
2019-01-02 09:36:14-05:00	151.83	151.83	151.83	151.83
2019-01-02 09:36:15-05:00	151.83	151.83	151.83	151.83
2019-01-02 09:36:16-05:00	151.81	151.81	151.81	151.81
2019-01-02 09:36:17-05:00	151.79	151.79	151.79	151.79
2019-01-02 09:36:18-05:00	151.76	151.76	151.76	151.76
2019-01-02 09:36:19-05:00	151.78	151.78	151.78	151.78
2019-01-02 09:36:20-05:00	151.77	151.77	151.77	151.77
2019-01-02 09:36:21-05:00	151.77	151.77	151.77	151.77
2019-01-02 09:36:22-05:00	151.72	151.72	151.72	151.72
2019-01-02 09:36:23-05:00	151.73	151.73	151.73	151.73
2019-01-02 09:36:24-05:00	151.75	151.75	151.75	151.75
2019-01-02 09:36:25-05:00	151.75	151.75	151.75	151.75
2019-01-02 09:36:26-05:00	151.75	151.75	151.75	151.75
2019-01-02 09:36:27-05:00	151.75	151.75	151.75	151.75
2019-01-02 09:36:28-05:00	151.75	151.75	151.75	151.75
2019-01-02 09:36:29-05:00	151.78	151.78	151.78	151.78
2019-01-02 09:36:30-05:00	151.81	151.81	151.81	151.81
2019-01-02 09:36:31-05:00	151.82	151.82	151.82	151.82
2019-01-02 09:36:32-05:00	151.84	151.84	151.84	151.84
2019-01-02 09:36:33-05:00	151.86	151.86	151.86	151.86
2019-01-02 09:36:34-05:00	151.84	151.84	151.84	151.84
2019-01-02 09:36:35-05:00	151.84	151.84	151.84	151.84
2019-01-02 09:36:36-05:00	151.84	151.84	151.84	151.84
2019-01-02 09:36:37-05:00	151.82	151.82	151.82	151.82
2019-01-02 09:36:38-05:00	151.84	151.84	151.84	151.84
2019-01-02 09:36:39-05:00	151.85	151.85	151.85	151.85
2019-01-02 09:36:40-05:00	151.83	151.83	151.83	151.83
2019-01-02 09:36:41-05:00	151.83	151.83	151.83	151.83
2019-01-02 09:36:42-05:00	151.83	151.83	151.83	151.83
2019-01-02 09:36:43-05:00	151.85	151.85	151.85	151.85
2019-01-02 09:36:44-05:00	151.85	151.85	151.85	151.85
2019-01-02 09:36:45-05:00	151.84	151.84	151.84	151.84
2019-01-02 09:36:46-05:00	151.82	151.82	151.82	151.82
2019-01-02 09:36:47-05:00	151.82	151.82	151.82	151.82
2019-01-02 09:36:48-05:00	151.82	151.82	151.82	151.82
2019-01-02 09:36:49-05:00	151.83	151.83	151.83	151.83
2019-01-02 09:36:50-05:00	151.78	151.78	151.78	151.78
2019-01-02 09:36:51-05:00	151.8	151.8	151.8	151.8
2019-01-02 09:36:52-05:00	151.81	151.81	151.81	151.81
2019-01-02 09:36:53-05:00	151.82	151.82	151.82	151.82
2019-01-02 09:36:54-05:00	151.83	151.83	151.83	151.83
2019-01-02 09:36:55-05:00	151.84	151.84	151.84	151.84
2019-01-02 09:36:56-05:00	151.88	151.88	151.88	151.88
2019-01-02 09:36:57-05:00	151.88	151.88	151.88	151.88
2019-01-02 09:36:58-05:00	151.89	151.89	151.89	151.89
2019-01-02 09:36:59-05:00	151.89	151.89	151.89	151.89
2019-01-02 09:37:00-05:00	151.88	151.88	151.88	151.88
2019-01-02 09:37:01-05:00	151.85	151.85	151.85	151.85
2019-01-02 09:37:02-05:00	151.87	151.87	151.87	151.87
2019-01-02 09:37:03-05:00	151.85	151.85	151.85	151.85
2019-01-02 09:37:04-05:00	151.88	151.88	151.88	151.88
2019-01-02 09:37:05-05:00	151.91	151.91	151.91	151.91
2019-01-02 09:37:06-05:00	151.9	151.9	151.9	151.9
2019-01-02 09:37:07-05:00	151.9	151.9	151.9	151.9
2019-01-02 09:37:08-05:00	151.92	151.92	151.92	151.92
2019-01-02 09:37:09-05:00	151.88	151.88	151.88	151.88
2019-01-02 09:37:10-05:00	151.88	151.88	151.88	151.88
2019-01-02 09:37:11-05:00	151.84	151.84	151.84	151.84
2019-01-02 09:37:12-05:00	151.86	151.86	151.86	151.86
2019-01-02 09:37:13-05:00	151.87	151.87	151.87	151.87
2019-01-02 09:37:14-05:00	151.87	151.87	151.87	151.87
2019-01-02 09:37:15-05:00	151.89	151.89	151.89	151.89
2019-01-02 09:37:16-05:00	151.87	151.87	151.87	151.87
2019-01-02 09:37:17-05:00	151.88	151.88	151.88	151.88
2019-01-02 09:37:18-05:00	151.89	151.89	151.89	151.89
2019-01-02 09:37:19-05:00	151.88	151.88	151.88	151.88
2019-01-02 09:37:20-05:00	151.88	151.88	151.88	151.88
2019-01-02 09:37:21-05:00	151.86	151.86	151.86	151.86
2019-01-02 09:37:22-05:00	151.86	151.86	151.86	151.86
2019-01-02 09:37:23-05:00	151.86	151.86	151.86	151.86
2019-01-02 09:37:24-05:00	151.87	151.87	151.87	151.87
2019-01-02 09:37:25-05:00	151.91	151.91	151.91	151.91
2019-01-02 09:37:26-05:00	151.91	151.91	151.91	151.91
2019-01-02 09:37:27-05:00	151.88	151.88	151.88	151.88
2019-01-02 09:37:28-05:00	151.9	151.9	151.9	151.9
2019-01-02 09:37:29-05:00	151.9	151.9	151.9	151.9
2019-01-02 09:37:30-05:00	151.9	151.9	151.9	151.9
2019-01-02 09:37:31-05:00	151.9	151.9	151.9	151.9
2019-01-02 09:37:32-05:00	151.83	151.83	151.83	151.83
2019-01-02 09:37:33-05:00	151.81	151.81	151.81	151.81
2019-01-02 09:37:34-05:00	151.81	151.81	151.81	151.81
2019-01-02 09:37:35-05:00	151.8	151.8	151.8	151.8
2019-01-02 09:37:36-05:00	151.8	151.8	151.8	151.8
2019-01-02 09:37:37-05:00	151.78	151.78	151.78	151.78
2019-01-02 09:37:38-05:00	151.76	151.76	151.76	151.76
2019-01-02 09:37:39-05:00	151.75	151.75	151.75	151.75
2019-01-02 09:37:40-05:00	151.77	151.77	151.77	151.77
2019-01-02 09:37:41-05:00	151.78	151.78	151.78	151.78
2019-01-02 09:37:42-05:00	151.8	151.8	151.8	151.8
2019-01-02 09:37:43-05:00	151.8	151.8	151.8	151.8
2019-01-02 09:37:44-05:00	151.82	151.82	151.82	151.82
2019-01-02 09:37:45-05:00	151.81	151.81	151.81	151.81
2019-01-02 09:37:46-05:00	151.83	151.83	151.83	151.83
2019-01-02 09:37:47-05:00	151.87	151.87	151.87	151.87
2019-01-02 09:37:48-05:00	151.9	151.9	151.9	151.9
2019-01-02 09:37:49-05:00	151.9	151.9	151.9	151.9
2019-01-02 09:37:50-05:00	151.89	151.89	151.89	151.89
2019-01-02 09:37:51-05:00	151.9	151.9	151.9	151.9
2019-01-02 09:37:52-05:00	151.88	151.88	151.88	151.88
2019-01-02 09:37:53-05:00	151.88	151.88	151.88	151.88
2019-01-02 09:37:54-05:00	151.91	151.91	151.91	151.91
2019-01-02 09:37:55-05:00	151.91	151.91	151.91	151.91
2019-01-02 09:37:56-05:00	151.92	151.92	151.92	151.92
2019-01-02 09:37:57-05:00	151.94	151.94	151.94	151.94
2019-01-02 09:37:58-05:00	151.94	151.94	151.94	151.94
2019-01-02 09:37:59-05:00	151.94	151.94	151.94	151.94
2019-01-02 09:38:00-05:00	151.95	151.95	151.95	151.95
2019-01-02 09:38:01-05:00	151.91	151.91	151.91	151.91
2019-01-02 09:38:02-05:00	151.87	151.87	151.87	151.87
2019-01-02 09:38:03-05:00	151.84	151.84	151.84	151.84
2019-01-02 09:38:04-05:00	151.81	151.81	151.81	151.81
2019-01-02 09:38:05-05:00	151.77	151.77	151.77	151.77
2019-01-02 09:38:06-05:00	151.72	151.72	151.72	151.72
2019-01-02 09:38:07-05:00	151.72	151.72	151.72	151.72
2019-01-02 09:38:08-05:00	151.71	151.71	151.71	151.71
2019-01-02 09:38:09-05:00	151.7	151.7	151.7	151.7
2019-01-02 09:38:10-05:00	151.69	151.69	151.69	151.69
2019-01-02 09:38:11-05:00	151.68	151.68	151.68	151.68
2019-01-02 09:38:12-05:00	151.7	151.7	151.7	151.7
2019-01-02 09:38:13-05:00	151.71	151.71	151.71	151.71
2019-01-02 09:38:14-05:00	151.7	151.7	151.7	151.7
2019-01-02 09:38:15-05:00	151.68	151.68	151.68	151.68
2019-01-02 09:38:16-05:00	151.68	151.68	151.68	151.68
2019-01-02 09:38:17-05:00	151.67	151.67	151.67	151.67
2019-01-02 09:38:18-05:00	151.67	151.67	151.67	151.67
2019-01-02 09:38:19-05:00	151.68	151.68	151.68	151.68
2019-01-02 09:38:20-05:00	151.69	151.69	151.69	151.69
2019-01-02 09:38:21-05:00	151.68	151.68	151.68	151.68
2019-01-02 09:38:22-05:00	151.68	151.68	151.68	151.68
2019-01-02 09:38:23-05:00	151.69	151.69	151.69	151.69
2019-01-02 09:38:24-05:00	151.67	151.67	151.67	151.67
2019-01-02 09:38:25-05:00	151.67	151.67	151.67	151.67
2019-01-02 09:38:26-05:00	151.66	151.66	151.66	151.66
2019-01-02 09:38:27-05:00	151.68	151.68	151.68	151.68
2019-01-02 09:38:28-05:00	151.66	151.66	151.66	151.66
2019-01-02 09:38:29-05:00	151.65	151.65	151.65	151.65
2019-01-02 09:38:30-05:00	151.6	151.6	151.6	151.6
2019-01-02 09:38:31-05:00	151.6	151.6	151.6	151.6
2019-01-02 09:38:32-05:00	151.6	151.6	151.6	151.6
2019-01-02 09:38:33-05:00	151.6	151.6	151.6	151.6
2019-01-02 09:38:34-05:00	151.58	151.58	151.58	151.58
2019-01-02 09:38:35-05:00	151.52	151.52	151.52	151.52
2019-01-02 09:38:36-05:00	151.53	151.53	151.53	151.53
2019-01-02 09:38:37-05:00	151.53	151.53	151.53	151.53
2019-01-02 09:38:38-05:00	151.48	151.48	151.48	151.48
2019-01-02 09:38:39-05:00	151.47	151.47	151.47	151.47
2019-01-02 09:38:40-05:00	151.47	151.47	151.47	151.47
2019-01-02 09:38:41-05:00	151.45	151.45	151.45	151.45
2019-01-02 09:38:42-05:00	151.47	151.47	151.47	151.47
2019-01-02 09:38:43-05:00	151.44	151.44	151.44	151.44
2019-01-02 09:38:44-05:00	151.44	151.44	151.44	151.44
2019-01-02 09:38:45-05:00	151.43	151.43	151.43	151.43
2019-01-02 09:38:46-05:00	151.47	151.47	151.47	151.47
2019-01-02 09:38:47-05:00	151.45	151.45	151.45	151.45
2019-01-02 09:38:48-05:00	151.48	151.48	151.48	151.48
2019-01-02 09:38:49-05:00	151.45	151.45	151.45	151.45
2019-01-02 09:38:50-05:00	151.45	151.45	151.45	151.45
2019-01-02 09:38:51-05:00	151.46	151.46	151.46	151.46
2019-01-02 09:38:52-05:00	151.43	151.43	151.43	151.43
2019-01-02 09:38:53-05:00	151.45	151.45	151.45	151.45
2019-01-02 09:38:54-05:00	151.46	151.46	151.46	151.46
2019-01-02 09:38:55-05:00	151.47	151.47	151.47	151.47
2019-01-02 09:38:56-05:00	151.46	151.46	151.46	151.46
2019-01-02 09:38:57-05:00	151.5	151.5	151.5	151.5
2019-01-02 09:38:58-05:00	151.52	151.52	151.52	151.52
2019-01-02 09:38:59-05:00	151.58	151.58	151.58	151.58
2019-01-02 09:39:00-05:00	151.58	151.58	151.58	151.58
2019-01-02 09:39:01-05:00	151.57	151.57	151.57	151.57
2019-01-02 09:39:02-05:00	151.54	151.54	151.54	151.54
2019-01-02 09:39:03-05:00	151.52	151.52	151.52	151.52
2019-01-02 09:39:04-05:00	151.52	151.52	151.52	151.52
2019-01-02 09:39:05-05:00	151.52	151.52	151.52	151.52
2019-01-02 09:39:06-05:00	151.51	151.51	151.51	151.51
2019-01-02 09:39:07-05:00	151.49	151.49	151.49	151.49
2019-01-02 09:39:08-05:00	151.5	151.5	151.5	151.5
2019-01-02 09:39:09-05:00	151.49	151.49	151.49	151.49
2019-01-02 09:39:10-05:00	151.51	151.51	151.51	151.51
2019-01-02 09:39:11-05:00	151.51	151.51	151.51	151.51
2019-01-02 09:39:12-05:00	151.46	151.46	151.46	151.46
2019-01-02 09:39:13-05:00	151.42	151.42	151.42	151.42
2019-01-02 09:39:14-05:00	151.44	151.44	151.44	151.44
2019-01-02 09:39:15-05:00	151.44	151.44	151.44	151.44
2019-01-02 09:39:16-05:00	151.44	151.44	151.44	151.44
2019-01-02 09:39:17-05:00	151.43	151.43	151.43	151.43
2019-01-02 09:39:18-05:00	151.42	151.42	151.42	151.42
2019-01-02 09:39:19-05:00	151.42	151.42	151.42	151.42
2019-01-02 09:39:21-05:00	151.45	151.45	151.45	151.45
2019-01-02 09:39:22-05:00	151.5	151.5	151.5	151.5
2019-01-02 09:39:23-05:00	151.53	151.53	151.53	151.53
2019-01-02 09:39:24-05:00	151.53	151.53	151.53	151.53
2019-01-02 09:39:25-05:00	151.52	151.52	151.52	151.52
2019-01-02 09:39:26-05:00	151.53	151.53	151.53	151.53
2019-01-02 09:39:27-05:00	151.51	151.51	151.51	151.51
2019-01-02 09:39:28-05:00	151.52	151.52	151.52	151.52
2019-01-02 09:39:29-05:00	151.53	151.53	151.53	151.53
2019-01-02 09:39:30-05:00	151.54	151.54	151.54	151.54
2019-01-02 09:39:31-05:00	151.53	151.53	151.53	151.53
2019-01-02 09:39:32-05:00	151.54	151.54	151.54	151.54
2019-01-02 09:39:33-05:00	151.55	151.55	151.55	151.55
2019-01-02 09:39:34-05:00	151.55	151.55	151.55	151.55
2019-01-02 09:39:35-05:00	151.63	151.63	151.63	151.63
2019-01-02 09:39:36-05:00	151.68	151.68	151.68	151.68
2019-01-02 09:39:37-05:00	151.74	151.74	151.74	151.74
2019-01-02 09:39:38-05:00	151.76	151.76	151.76	151.76
2019-01-02 09:39:39-05:00	151.76	151.76	151.76	151.76
2019-01-02 09:39:40-05:00	151.77	151.77	151.77	151.77
2019-01-02 09:39:41-05:00	151.8	151.8	151.8	151.8
2019-01-02 09:39:42-05:00	151.77	151.77	151.77	151.77
2019-01-02 09:39:43-05:00	151.75	151.75	151.75	151.75
2019-01-02 09:39:44-05:00	151.73	151.73	151.73	151.73
2019-01-02 09:39:45-05:00	151.7	151.7	151.7	151.7
2019-01-02 09:39:46-05:00	151.74	151.74	151.74	151.74
2019-01-02 09:39:47-05:00	151.74	151.74	151.74	151.74
2019-01-02 09:39:49-05:00	151.71	151.71	151.71	151.71
2019-01-02 09:39:50-05:00	151.67	151.67	151.67	151.67
2019-01-02 09:39:51-05:00	151.66	151.66	151.66	151.66
2019-01-02 09:39:52-05:00	151.68	151.68	151.68	151.68
2019-01-02 09:39:53-05:00	151.71	151.71	151.71	151.71
2019-01-02 09:39:54-05:00	151.69	151.69	151.69	151.69
2019-01-02 09:39:55-05:00	151.72	151.72	151.72	151.72
2019-01-02 09:39:56-05:00	151.68	151.68	151.68	151.68
2019-01-02 09:39:57-05:00	151.64	151.64	151.64	151.64
2019-01-02 09:39:58-05:00	151.65	151.65	151.65	151.65
2019-01-02 09:39:59-05:00	151.59	151.59	151.59	151.59
2019-01-02 09:40:00-05:00	151.61	151.61	151.61	151.61
2019-01-02 09:40:01-05:00	151.58	151.58	151.58	151.58
2019-01-02 09:40:02-05:00	151.51	151.51	151.51	151.51
2019-01-02 09:40:03-05:00	151.48	151.48	151.48	151.48
2019-01-02 09:40:04-05:00	151.49	151.49	151.49	151.49
2019-01-02 09:40:05-05:00	151.47	151.47	151.47	151.47
2019-01-02 09:40:06-05:00	151.46	151.46	151.46	151.46
2019-01-02 09:40:07-05:00	151.43	151.43	151.43	151.43
2019-01-02 09:40:08-05:00	151.42	151.42	151.42	151.42
2019-01-02 09:40:09-05:00	151.38	151.38	151.38	151.38
2019-01-02 09:40:10-05:00	151.41	151.41	151.41	151.41
2019-01-02 09:40:11-05:00	151.39	151.39	151.39	151.39
2019-01-02 09:40:12-05:00	151.41	151.41	151.41	151.41
2019-01-02 09:40:13-05:00	151.44	151.44	151.44	151.44
2019-01-02 09:40:15-05:00	151.43	151.43	151.43	151.43
2019-01-02 09:40:16-05:00	151.44	151.44	151.44	151.44
2019-01-02 09:40:17-05:00	151.46	151.46	151.46	151.46
2019-01-02 09:40:18-05:00	151.43	151.43	151.43	151.43
2019-01-02 09:40:19-05:00	151.4	151.4	151.4	151.4
2019-01-02 09:40:20-05:00	151.44	151.44	151.44	151.44
2019-01-02 09:40:21-05:00	151.45	151.45	151.45	151.45
2019-01-02 09:40:23-05:00	151.46	151.46	151.46	151.46
2019-01-02 09:40:24-05:00	151.47	151.47	151.47	151.47
2019-01-02 09:40:25-05:00	151.51	151.51	151.51	151.51
2019-01-02 09:40:26-05:00	151.52	151.52	151.52	151.52
2019-01-02 09:40:27-05:00	151.5	151.5	151.5	151.5
2019-01-02 09:40:28-05:00	151.51	151.51	151.51	151.51
2019-01-02 09:40:29-05:00	151.51	151.51	151.51	151.51
2019-01-02 09:40:30-05:00	151.48	151.48	151.48	151.48
2019-01-02 09:40:31-05:00	151.5	151.5	151.5	151.5
2019-01-02 09:40:32-05:00	151.5	151.5	151.5	151.5
2019-01-02 09:40:33-05:00	151.49	151.49	151.49	151.49
2019-01-02 09:40:34-05:00	151.48	151.48	151.48	151.48
2019-01-02 09:40:35-05:00	151.5	151.5	151.5	151.5
2019-01-02 09:40:36-05:00	151.5	151.5	151.5	151.5
2019-01-02 09:40:37-05:00	151.49	151.49	151.49	151.49
2019-01-02 09:40:38-05:00	151.46	151.46	151.46	151.46
2019-01-02 09:40:39-05:00	151.43	151.43	151.43	151.43
2019-01-02 09:40:40-05:00	151.42	151.42	151.42	151.42
2019-01-02 09:40:41-05:00	151.44	151.44	151.44	151.44
2019-01-02 09:40:42-05:00	151.43	151.43	151.43	151.43
2019-01-02 09:40:43-05:00	151.43	151.43	151.43	151.43
2019-01-02 09:40:44-05:00	151.4	151.4	151.4	151.4
2019-01-02 09:40:45-05:00	151.4	151.4	151.4	151.4
2019-01-02 09:40:46-05:00	151.42	151.42	151.42	151.42
2019-01-02 09:40:47-05:00	151.39	151.39	151.39	151.39
2019-01-02 09:40:48-05:00	151.4	151.4	151.4	151.4
2019-01-02 09:40:49-05:00	151.41	151.41	151.41	151.41
2019-01-02 09:40:50-05:00	151.41	151.41	151.41	151.41
2019-01-02 09:40:51-05:00	151.36	151.36	151.36	151.36
2019-01-02 09:40:52-05:00	151.32	151.32	151.32	151.32
2019-01-02 09:40:53-05:00	151.34	151.34	151.34	151.34
2019-01-02 09:40:54-05:00	151.36	151.36	151.36	151.36
2019-01-02 09:40:55-05:00	151.37	151.37	151.37	151.37
2019-01-02 09:40:56-05:00	151.36	151.36	151.36	151.36
2019-01-02 09:40:57-05:00	151.39	151.39	151.39	151.39
2019-01-02 09:40:58-05:00	151.45	151.45	151.45	151.45
2019-01-02 09:40:59-05:00	151.45	151.45	151.45	151.45
2019-01-02 09:41:01-05:00	151.41	151.41	151.41	151.41
2019-01-02 09:41:02-05:00	151.48	151.48	151.48	151.48
2019-01-02 09:41:03-05:00	151.48	151.48	151.48	151.48
2019-01-02 09:41:04-05:00	151.47	151.47	151.47	151.47
2019-01-02 09:41:05-05:00	151.49	151.49	151.49	151.49
2019-01-02 09:41:06-05:00	151.48	151.48	151.48	151.48
2019-01-02 09:41:07-05:00	151.51	151.51	151.51	151.51
2019-01-02 09:41:08-05:00	151.5	151.5	151.5	151.5
2019-01-02 09:41:09-05:00	151.51	151.51	151.51	151.51
2019-01-02 09:41:10-05:00	151.51	151.51	151.51	151.51
2019-01-02 09:41:11-05:00	151.54	151.54	151.54	151.54
2019-01-02 09:41:12-05:00	151.51	151.51	151.51	151.51
2019-01-02 09:41:13-05:00	151.49	151.49	151.49	151.49
2019-01-02 09:41:14-05:00	151.48	151.48	151.48	151.48
2019-01-02 09:41:15-05:00	151.49	151.49	151.49	151.49
2019-01-02 09:41:16-05:00	151.5	151.5	151.5	151.5
2019-01-02 09:41:17-05:00	151.52	151.52	151.52	151.52
2019-01-02 09:41:18-05:00	151.51	151.51	151.51	151.51
2019-01-02 09:41:19-05:00	151.53	151.53	151.53	151.53
2019-01-02 09:41:20-05:00	151.56	151.56	151.56	151.56
2019-01-02 09:41:21-05:00	151.54	151.54	151.54	151.54
2019-01-02 09:41:22-05:00	151.55	151.55	151.55	151.55
2019-01-02 09:41:23-05:00	151.58	151.58	151.58	151.58
2019-01-02 09:41:24-05:00	151.59	151.59	151.59	151.59
2019-01-02 09:41:25-05:00	151.61	151.61	151.61	151.61
2019-01-02 09:41:26-05:00	151.62	151.62	151.62	151.62
2019-01-02 09:41:27-05:00	151.61	151.61	151.61	151.61
2019-01-02 09:41:28-05:00	151.58	151.58	151.58	151.58
2019-01-02 09:41:29-05:00	151.6	151.6	151.6	151.6
2019-01-02 09:41:30-05:00	151.6	151.6	151.6	151.6
2019-01-02 09:41:31-05:00	151.62	151.62	151.62	151.62
2019-01-02 09:41:32-05:00	151.57	151.57	151.57	151.57
2019-01-02 09:41:33-05:00	151.53	151.53	151.53	151.53
2019-01-02 09:41:34-05:00	151.51	151.51	151.51	151.51
2019-01-02 09:41:35-05:00	151.51	151.51	151.51	151.51
2019-01-02 09:41:36-05:00	151.54	151.54	151.54	151.54
2019-01-02 09:41:37-05:00	151.55	151.55	151.55	151.55
2019-01-02 09:41:38-05:00	151.55	151.55	151.55	151.55
2019-01-02 09:41:39-05:00	151.56	151.56	151.56	151.56
2019-01-02 09:41:40-05:00	151.56	151.56	151.56	151.56
2019-01-02 09:41:41-05:00	151.56	151.56	151.56	151.56
2019-01-02 09:41:42-05:00	151.54	151.54	151.54	151.54
2019-01-02 09:41:43-05:00	151.53	151.53	151.53	151.53
2019-01-02 09:41:44-05:00	151.56	151.56	151.56	151.56
2019-01-02 09:41:45-05:00	151.56	151.56	151.56	151.56
2019-01-02 09:41:46-05:00	151.6	151.6	151.6	151.6
2019-01-02 09:41:48-05:00	151.6	151.6	151.6	151.6
2019-01-02 09:41:49-05:00	151.59	151.59	151.59	151.59
2019-01-02 09:41:50-05:00	151.56	151.56	151.56	151.56
2019-01-02 09:41:51-05:00	151.55	151.55	151.55	151.55
2019-01-02 09:41:52-05:00	151.58	151.58	151.58	151.58
2019-01-02 09:41:53-05:00	151.58	151.58	151.58	151.58
2019-01-02 09:41:54-05:00	151.6	151.6	151.6	151.6
2019-01-02 09:41:55-05:00	151.62	151.62	151.62	151.62
2019-01-02 09:41:56-05:00	151.67	151.67	151.67	151.67
2019-01-02 09:41:57-05:00	151.64	151.64	151.64	151.64
2019-01-02 09:41:58-05:00	151.64	151.64	151.64	151.64
2019-01-02 09:41:59-05:00	151.65	151.65	151.65	151.65
2019-01-02 09:42:00-05:00	151.67	151.67	151.67	151.67
2019-01-02 09:42:01-05:00	151.7	151.7	151.7	151.7
2019-01-02 09:42:02-05:00	151.66	151.66	151.66	151.66
2019-01-02 09:42:03-05:00	151.64	151.64	151.64	151.64
2019-01-02 09:42:04-05:00	151.69	151.69	151.69	151.69
2019-01-02 09:42:05-05:00	151.7	151.7	151.7	151.7
2019-01-02 09:42:06-05:00	151.71	151.71	151.71	151.71
2019-01-02 09:42:07-05:00	151.71	151.71	151.71	151.71
2019-01-02 09:42:08-05:00	151.75	151.75	151.75	151.75
2019-01-02 09:42:09-05:00	151.76	151.76	151.76	151.76
2019-01-02 09:42:10-05:00	151.77	151.77	151.77	151.77
2019-01-02 09:42:11-05:00	151.76	151.76	151.76	151.76
2019-01-02 09:42:12-05:00	151.76	151.76	151.76	151.76
2019-01-02 09:42:13-05:00	151.77	151.77	151.77	151.77
2019-01-02 09:42:14-05:00	151.74	151.74	151.74	151.74
2019-01-02 09:42:15-05:00	151.74	151.74	151.74	151.74
2019-01-02 09:42:16-05:00	151.74	151.74	151.74	151.74
2019-01-02 09:42:17-05:00	151.73	151.73	151.73	151.73
2019-01-02 09:42:18-05:00	151.72	151.72	151.72	151.72
2019-01-02 09:42:19-05:00	151.73	151.73	151.73	151.73
2019-01-02 09:42:20-05:00	151.71	151.71	151.71	151.71
2019-01-02 09:42:21-05:00	151.75	151.75	151.75	151.75
2019-01-02 09:42:22-05:00	151.81	151.81	151.81	151.81
2019-01-02 09:42:23-05:00	151.79	151.79	151.79	151.79
2019-01-02 09:42:24-05:00	151.83	151.83	151.83	151.83
2019-01-02 09:42:25-05:00	151.83	151.83	151.83	151.83
2019-01-02 09:42:26-05:00	151.83	151.83	151.83	151.83
2019-01-02 09:42:27-05:00	151.83	151.83	151.83	151.83
2019-01-02 09:42:28-05:00	151.86	151.86	151.86	151.86
2019-01-02 09:42:29-05:00	151.82	151.82	151.82	151.82
2019-01-02 09:42:30-05:00	151.81	151.81	151.81	151.81
2019-01-02 09:42:31-05:00	151.84	151.84	151.84	151.84
2019-01-02 09:42:32-05:00	151.85	151.85	151.85	151.85
2019-01-02 09:42:33-05:00	151.85	151.85	151.85	151.85
2019-01-02 09:42:34-05:00	151.86	151.86	151.86	151.86
2019-01-02 09:42:35-05:00	151.85	151.85	151.85	151.85
2019-01-02 09:42:36-05:00	151.84	151.84	151.84	151.84
2019-01-02 09:42:37-05:00	151.84	151.84	151.84	151.84
2019-01-02 09:42:38-05:00	151.82	151.82	151.82	151.82
2019-01-02 09:42:39-05:00	151.81	151.81	151.81	151.81
2019-01-02 09:42:40-05:00	151.8	151.8	151.8	151.8
2019-01-02 09:42:42-05:00	151.79	151.79	151.79	151.79
2019-01-02 09:42:43-05:00	151.77	151.77	151.77	151.77
2019-01-02 09:42:44-05:00	151.73	151.73	151.73	151.73
2019-01-02 09:42:45-05:00	151.74	151.74	151.74	151.74
2019-01-02 09:42:46-05:00	151.73	151.73	151.73	151.73
2019-01-02 09:42:47-05:00	151.73	151.73	151.73	151.73
2019-01-02 09:42:48-05:00	151.72	151.72	151.72	151.72
2019-01-02 09:42:49-05:00	151.7	151.7	151.7	151.7
2019-01-02 09:42:50-05:00	151.71	151.71	151.71	151.71
2019-01-02 09:42:51-05:00	151.74	151.74	151.74	151.74
2019-01-02 09:42:52-05:00	151.74	151.74	151.74	151.74
2019-01-02 09:42:53-05:00	151.75	151.75	151.75	151.75
2019-01-02 09:42:54-05:00	151.8	151.8	151.8	151.8
2019-01-02 09:42:55-05:00	151.79	151.79	151.79	151.79
2019-01-02 09:42:56-05:00	151.81	151.81	151.81	151.81
2019-01-02 09:42:57-05:00	151.79	151.79	151.79	151.79
2019-01-02 09:42:58-05:00	151.8	151.8	151.8	151.8
2019-01-02 09:43:00-05:00	151.79	151.79	151.79	151.79
2019-01-02 09:43:01-05:00	151.78	151.78	151.78	151.78
2019-01-02 09:43:02-05:00	151.8	151.8	151.8	151.8
2019-01-02 09:43:03-05:00	151.81	151.81	151.81	151.81
2019-01-02 09:43:04-05:00	151.84	151.84	151.84	151.84
2019-01-02 09:43:05-05:00	151.86	151.86	151.86	151.86
2019-01-02 09:43:06-05:00	151.87	151.87	151.87	151.87
2019-01-02 09:43:07-05:00	151.89	151.89	151.89	151.89
2019-01-02 09:43:08-05:00	151.89	151.89	151.89	151.89
2019-01-02 09:43:09-05:00	151.9	151.9	151.9	151.9
2019-01-02 09:43:10-05:00	151.9	151.9	151.9	151.9
2019-01-02 09:43:11-05:00	151.9	151.9	151.9	151.9
2019-01-02 09:43:12-05:00	151.86	151.86	151.86	151.86
2019-01-02 09:43:13-05:00	151.87	151.87	151.87	151.87
2019-01-02 09:43:14-05:00	151.88	151.88	151.88	151.88
2019-01-02 09:43:15-05:00	151.87	151.87	151.87	151.87
2019-01-02 09:43:16-05:00	151.9	151.9	151.9	151.9
2019-01-02 09:43:17-05:00	151.89	151.89	151.89	151.89
2019-01-02 09:43:18-05:00	151.9	151.9	151.9	151.9
2019-01-02 09:43:19-05:00	151.87	151.87	151.87	151.87
2019-01-02 09:43:20-05:00	151.89	151.89	151.89	151.89
2019-01-02 09:43:21-05:00	151.88	151.88	151.88	151.88
2019-01-02 09:43:22-05:00	151.9	151.9	151.9	151.9
2019-01-02 09:43:23-05:00	151.88	151.88	151.88	151.88
2019-01-02 09:43:24-05:00	151.85	151.85	151.85	151.85
2019-01-02 09:43:25-05:00	151.88	151.88	151.88	151.88
2019-01-02 09:43:26-05:00	151.88	151.88	151.88	151.88
2019-01-02 09:43:27-05:00	151.84	151.84	151.84	151.84
2019-01-02 09:43:28-05:00	151.84	151.84	151.84	151.84
2019-01-02 09:43:29-05:00	151.82	151.82	151.82	151.82
2019-01-02 09:43:30-05:00	151.81	151.81	151.81	151.81
2019-01-02 09:43:31-05:00	151.82	151.82	151.82	151.82
2019-01-02 09:43:32-05:00	151.83	151.83	151.83	151.83
2019-01-02 09:43:33-05:00	151.82	151.82	151.82	151.82
2019-01-02 09:43:34-05:00	151.8	151.8	151.8	151.8
2019-01-02 09:43:35-05:00	151.81	151.81	151.81	151.81
2019-01-02 09:43:36-05:00	151.83	151.83	151.83	151.83
2019-01-02 09:43:37-05:00	151.82	151.82	151.82	151.82
2019-01-02 09:43:38-05:00	151.87	151.87	151.87	151.87
2019-01-02 09:43:42-05:00	151.88	151.88	151.88	151.88
2019-01-02 09:43:43-05:00	151.86	151.86	151.86	151.86
2019-01-02 09:43:44-05:00	151.84	151.84	151.84	151.84
2019-01-02 09:43:45-05:00	151.85	151.85	151.85	151.85
2019-01-02 09:43:46-05:00	151.82	151.82	151.82	151.82
2019-01-02 09:43:47-05:00	151.81	151.81	151.81	151.81
2019-01-02 09:43:49-05:00	151.82	151.82	151.82	151.82
2019-01-02 09:43:50-05:00	151.85	151.85	151.85	151.85
2019-01-02 09:43:51-05:00	151.84	151.84	151.84	151.84
2019-01-02 09:43:53-05:00	151.86	151.86	151.86	151.86
2019-01-02 09:43:54-05:00	151.87	151.87	151.87	151.87
2019-01-02 09:43:55-05:00	151.84	151.84	151.84	151.84
2019-01-02 09:43:56-05:00	151.84	151.84	151.84	151.84
2019-01-02 09:43:57-05:00	151.86	151.86	151.86	151.86
2019-01-02 09:43:58-05:00	151.86	151.86	151.86	151.86
2019-01-02 09:43:59-05:00	151.85	151.85	151.85	151.85
2019-01-02 09:44:00-05:00	151.86	151.86	151.86	151.86
2019-01-02 09:44:01-05:00	151.83	151.83	151.83	151.83
2019-01-02 09:44:02-05:00	151.82	151.82	151.82	151.82
2019-01-02 09:44:03-05:00	151.82	151.82	151.82	151.82
2019-01-02 09:44:04-05:00	151.78	151.78	151.78	151.78
2019-01-02 09:44:05-05:00	151.72	151.72	151.72	151.72
2019-01-02 09:44:06-05:00	151.72	151.72	151.72	151.72
2019-01-02 09:44:07-05:00	151.68	151.68	151.68	151.68
2019-01-02 09:44:08-05:00	151.68	151.68	151.68	151.68
2019-01-02 09:44:09-05:00	151.66	151.66	151.66	151.66
2019-01-02 09:44:10-05:00	151.67	151.67	151.67	151.67
2019-01-02 09:44:11-05:00	151.64	151.64	151.64	151.64
2019-01-02 09:44:12-05:00	151.64	151.64	151.64	151.64
2019-01-02 09:44:13-05:00	151.63	151.63	151.63	151.63
2019-01-02 09:44:14-05:00	151.59	151.59	151.59	151.59
2019-01-02 09:44:15-05:00	151.58	151.58	151.58	151.58
2019-01-02 09:44:16-05:00	151.55	151.55	151.55	151.55
2019-01-02 09:44:17-05:00	151.61	151.61	151.61	151.61
2019-01-02 09:44:18-05:00	151.58	151.58	151.58	151.58
2019-01-02 09:44:19-05:00	151.56	151.56	151.56	151.56
2019-01-02 09:44:20-05:00	151.56	151.56	151.56	151.56
2019-01-02 09:44:21-05:00	151.57	151.57	151.57	151.57
2019-01-02 09:44:22-05:00	151.59	151.59	151.59	151.59
2019-01-02 09:44:23-05:00	151.6	151.6	151.6	151.6
2019-01-02 09:44:25-05:00	151.6	151.6	151.6	151.6
2019-01-02 09:44:26-05:00	151.6	151.6	151.6	151.6
2019-01-02 09:44:27-05:00	151.6	151.6	151.6	151.6
2019-01-02 09:44:28-05:00	151.71	151.71	151.71	151.71
2019-01-02 09:44:29-05:00	151.75	151.75	151.75	151.75
2019-01-02 09:44:30-05:00	151.74	151.74	151.74	151.74
2019-01-02 09:44:31-05:00	151.74	151.74	151.74	151.74
2019-01-02 09:44:32-05:00	151.74	151.74	151.74	151.74
2019-01-02 09:44:33-05:00	151.71	151.71	151.71	151.71
2019-01-02 09:44:34-05:00	151.72	151.72	151.72	151.72
2019-01-02 09:44:35-05:00	151.69	151.69	151.69	151.69
2019-01-02 09:44:36-05:00	151.71	151.71	151.71	151.71
2019-01-02 09:44:37-05:00	151.71	151.71	151.71	151.71
2019-01-02 09:44:38-05:00	151.71	151.71	151.71	151.71
2019-01-02 09:44:39-05:00	151.73	151.73	151.73	151.73
2019-01-02 09:44:40-05:00	151.74	151.74	151.74	151.74
2019-01-02 09:44:41-05:00	151.75	151.75	151.75	151.75
2019-01-02 09:44:42-05:00	151.77	151.77	151.77	151.77
2019-01-02 09:44:43-05:00	151.79	151.79	151.79	151.79
2019-01-02 09:44:44-05:00	151.81	151.81	151.81	151.81
2019-01-02 09:44:45-05:00	151.82	151.82	151.82	151.82
2019-01-02 09:44:46-05:00	151.81	151.81	151.81	151.81
2019-01-02 09:44:47-05:00	151.78	151.78	151.78	151.78
2019-01-02 09:44:48-05:00	151.76	151.76	151.76	151.76
2019-01-02 09:44:49-05:00	151.76	151.76	151.76	151.76
2019-01-02 09:44:50-05:00	151.77	151.77	151.77	151.77
2019-01-02 09:44:51-05:00	151.79	151.79	151.79	151.79
2019-01-02 09:44:52-05:00	151.79	151.79	151.79	151.79
2019-01-02 09:44:53-05:00	151.83	151.83	151.83	151.83
2019-01-02 09:44:54-05:00	151.82	151.82	151.82	151.82
2019-01-02 09:44:55-05:00	151.83	151.83	151.83	151.83
2019-01-02 09:44:56-05:00	151.82	151.82	151.82	151.82
2019-01-02 09:44:57-05:00	151.82	151.82	151.82	151.82
2019-01-02 09:44:58-05:00	151.82	151.82	151.82	151.82
2019-01-02 09:44:59-05:00	151.82	151.82	151.82	151.82
2019-01-02 09:45:00-05:00	151.84	151.84	151.84	151.84
2019-01-02 09:45:01-05:00	151.82	151.82	151.82	151.82
2019-01-02 09:45:02-05:00	151.84	151.84	151.84	151.84
2019-01-02 09:45:03-05:00	151.84	151.84	151.84	151.84
2019-01-02 09:45:04-05:00	151.85	151.85	151.85	151.85
2019-01-02 09:45:05-05:00	151.84	151.84	151.84	151.84
2019-01-02 09:45:06-05:00	151.86	151.86	151.86	151.86
2019-01-02 09:45:07-05:00	151.87	151.87	151.87	151.87
2019-01-02 09:45:08-05:00	151.84	151.84	151.84	151.84
2019-01-02 09:45:09-05:00	151.9	151.9	151.9	151.9
2019-01-02 09:45:10-05:00	151.89	151.89	151.89	151.89
2019-01-02 09:45:11-05:00	151.91	151.91	151.91	151.91
2019-01-02 09:45:12-05:00	151.92	151.92	151.92	151.92
2019-01-02 09:45:13-05:00	151.98	151.98	151.98	151.98
2019-01-02 09:45:14-05:00	152	152	152	152
2019-01-02 09:45:15-05:00	152.02	152.02	152.02	152.02
2019-01-02 09:45:16-05:00	152.02	152.02	152.02	152.02
2019-01-02 09:45:17-05:00	152	152	152	152
2019-01-02 09:45:18-05:00	151.99	151.99	151.99	151.99
2019-01-02 09:45:19-05:00	152	152	152	152
2019-01-02 09:45:20-05:00	152	152	152	152
2019-01-02 09:45:21-05:00	152.01	152.01	152.01	152.01
2019-01-02 09:45:22-05:00	152.04	152.04	152.04	152.04
2019-01-02 09:45:23-05:00	152.02	152.02	152.02	152.02
2019-01-02 09:45:24-05:00	152.02	152.02	152.02	152.02
2019-01-02 09:45:25-05:00	152	152	152	152
2019-01-02 09:45:26-05:00	151.99	151.99	151.99	151.99
2019-01-02 09:45:27-05:00	151.99	151.99	151.99	151.99
2019-01-02 09:45:28-05:00	152.01	152.01	152.01	152.01
2019-01-02 09:45:29-05:00	152.02	152.02	152.02	152.02
2019-01-02 09:45:30-05:00	152.01	152.01	152.01	152.01
2019-01-02 09:45:31-05:00	152.03	152.03	152.03	152.03
2019-01-02 09:45:32-05:00	152.03	152.03	152.03	152.03
2019-01-02 09:45:33-05:00	152.05	152.05	152.05	152.05
2019-01-02 09:45:34-05:00	152.05	152.05	152.05	152.05
2019-01-02 09:45:35-05:00	152.04	152.04	152.04	152.04
2019-01-02 09:45:36-05:00	152.03	152.03	152.03	152.03
2019-01-02 09:45:37-05:00	152.01	152.01	152.01	152.01
2019-01-02 09:45:38-05:00	152	152	152	152
2019-01-02 09:45:39-05:00	152.02	152.02	152.02	152.02
2019-01-02 09:45:40-05:00	152	152	152	152
2019-01-02 09:45:41-05:00	152.03	152.03	152.03	152.03
2019-01-02 09:45:42-05:00	152.02	152.02	152.02	152.02
2019-01-02 09:45:43-05:00	152.04	152.04	152.04	152.04
2019-01-02 09:45:44-05:00	152.02	152.02	152.02	152.02
2019-01-02 09:45:45-05:00	152.04	152.04	152.04	152.04
2019-01-02 09:45:46-05:00	152.09	152.09	152.09	152.09
2019-01-02 09:45:47-05:00	152.1	152.1	152.1	152.1
2019-01-02 09:45:48-05:00	152.1	152.1	152.1	152.1
2019-01-02 09:45:49-05:00	152.1	152.1	152.1	152.1
2019-01-02 09:45:50-05:00	152.08	152.08	152.08	152.08
2019-01-02 09:45:51-05:00	152.09	152.09	152.09	152.09
2019-01-02 09:45:52-05:00	152.1	152.1	152.1	152.1
2019-01-02 09:45:53-05:00	152.1	152.1	152.1	152.1
2019-01-02 09:45:54-05:00	152.11	152.11	152.11	152.11
2019-01-02 09:45:55-05:00	152.12	152.12	152.12	152.12
2019-01-02 09:45:56-05:00	152.14	152.14	152.14	152.14
2019-01-02 09:45:57-05:00	152.11	152.11	152.11	152.11
2019-01-02 09:45:58-05:00	152.12	152.12	152.12	152.12
2019-01-02 09:45:59-05:00	152.11	152.11	152.11	152.11
2019-01-02 09:46:00-05:00	152.11	152.11	152.11	152.11
2019-01-02 09:46:01-05:00	152.1	152.1	152.1	152.1
2019-01-02 09:46:02-05:00	152.05	152.05	152.05	152.05
2019-01-02 09:46:03-05:00	152.05	152.05	152.05	152.05
2019-01-02 09:46:04-05:00	152.06	152.06	152.06	152.06
2019-01-02 09:46:05-05:00	152.05	152.05	152.05	152.05
2019-01-02 09:46:06-05:00	152.04	152.04	152.04	152.04
2019-01-02 09:46:07-05:00	152.02	152.02	152.02	152.02
2019-01-02 09:46:08-05:00	152.02	152.02	152.02	152.02
2019-01-02 09:46:09-05:00	151.98	151.98	151.98	151.98
2019-01-02 09:46:10-05:00	151.99	151.99	151.99	151.99
2019-01-02 09:46:11-05:00	151.98	151.98	151.98	151.98
2019-01-02 09:46:12-05:00	151.97	151.97	151.97	151.97
2019-01-02 09:46:13-05:00	151.95	151.95	151.95	151.95
2019-01-02 09:46:14-05:00	151.95	151.95	151.95	151.95
2019-01-02 09:46:15-05:00	151.95	151.95	151.95	151.95
2019-01-02 09:46:16-05:00	151.95	151.95	151.95	151.95
2019-01-02 09:46:17-05:00	151.97	151.97	151.97	151.97
2019-01-02 09:46:18-05:00	151.92	151.92	151.92	151.92
2019-01-02 09:46:19-05:00	151.92	151.92	151.92	151.92
2019-01-02 09:46:20-05:00	151.92	151.92	151.92	151.92
2019-01-02 09:46:21-05:00	151.92	151.92	151.92	151.92
2019-01-02 09:46:22-05:00	151.87	151.87	151.87	151.87
2019-01-02 09:46:23-05:00	151.88	151.88	151.88	151.88
2019-01-02 09:46:24-05:00	151.9	151.9	151.9	151.9
2019-01-02 09:46:25-05:00	151.88	151.88	151.88	151.88
2019-01-02 09:46:26-05:00	151.88	151.88	151.88	151.88
2019-01-02 09:46:27-05:00	151.85	151.85	151.85	151.85
2019-01-02 09:46:28-05:00	151.9	151.9	151.9	151.9
2019-01-02 09:46:29-05:00	151.91	151.91	151.91	151.91
2019-01-02 09:46:30-05:00	151.91	151.91	151.91	151.91
2019-01-02 09:46:31-05:00	151.94	151.94	151.94	151.94
2019-01-02 09:46:32-05:00	151.92	151.92	151.92	151.92
2019-01-02 09:46:33-05:00	151.94	151.94	151.94	151.94
2019-01-02 09:46:34-05:00	151.97	151.97	151.97	151.97
2019-01-02 09:46:35-05:00	151.96	151.96	151.96	151.96
2019-01-02 09:46:36-05:00	151.96	151.96	151.96	151.96
2019-01-02 09:46:37-05:00	151.96	151.96	151.96	151.96
2019-01-02 09:46:38-05:00	151.94	151.94	151.94	151.94
2019-01-02 09:46:39-05:00	151.94	151.94	151.94	151.94
2019-01-02 09:46:40-05:00	151.94	151.94	151.94	151.94
2019-01-02 09:46:41-05:00	151.96	151.96	151.96	151.96
2019-01-02 09:46:42-05:00	151.97	151.97	151.97	151.97
2019-01-02 09:46:43-05:00	151.97	151.97	151.97	151.97
2019-01-02 09:46:44-05:00	151.96	151.96	151.96	151.96
2019-01-02 09:46:45-05:00	151.95	151.95	151.95	151.95
2019-01-02 09:46:46-05:00	151.94	151.94	151.94	151.94
2019-01-02 09:46:47-05:00	151.95	151.95	151.95	151.95
2019-01-02 09:46:48-05:00	151.93	151.93	151.93	151.93
2019-01-02 09:46:49-05:00	151.95	151.95	151.95	151.95
2019-01-02 09:46:50-05:00	151.97	151.97	151.97	151.97
2019-01-02 09:46:51-05:00	151.91	151.91	151.91	151.91
2019-01-02 09:46:52-05:00	151.92	151.92	151.92	151.92
2019-01-02 09:46:53-05:00	151.92	151.92	151.92	151.92
2019-01-02 09:46:54-05:00	151.93	151.93	151.93	151.93
2019-01-02 09:46:55-05:00	151.96	151.96	151.96	151.96
2019-01-02 09:46:56-05:00	151.94	151.94	151.94	151.94
2019-01-02 09:46:58-05:00	151.95	151.95	151.95	151.95
2019-01-02 09:46:59-05:00	151.95	151.95	151.95	151.95
2019-01-02 09:47:00-05:00	151.94	151.94	151.94	151.94
2019-01-02 09:47:02-05:00	151.93	151.93	151.93	151.93
2019-01-02 09:47:03-05:00	151.92	151.92	151.92	151.92
2019-01-02 09:47:04-05:00	151.9	151.9	151.9	151.9
2019-01-02 09:47:05-05:00	151.88	151.88	151.88	151.88
2019-01-02 09:47:06-05:00	151.85	151.85	151.85	151.85
2019-01-02 09:47:07-05:00	151.88	151.88	151.88	151.88
2019-01-02 09:47:08-05:00	151.88	151.88	151.88	151.88
2019-01-02 09:47:09-05:00	151.86	151.86	151.86	151.86
2019-01-02 09:47:10-05:00	151.82	151.82	151.82	151.82
2019-01-02 09:47:11-05:00	151.85	151.85	151.85	151.85
2019-01-02 09:47:12-05:00	151.84	151.84	151.84	151.84
2019-01-02 09:47:13-05:00	151.84	151.84	151.84	151.84
2019-01-02 09:47:14-05:00	151.87	151.87	151.87	151.87
2019-01-02 09:47:15-05:00	151.86	151.86	151.86	151.86
2019-01-02 09:47:16-05:00	151.9	151.9	151.9	151.9
2019-01-02 09:47:17-05:00	151.89	151.89	151.89	151.89
2019-01-02 09:47:18-05:00	151.89	151.89	151.89	151.89
2019-01-02 09:47:19-05:00	151.88	151.88	151.88	151.88
2019-01-02 09:47:20-05:00	151.89	151.89	151.89	151.89
2019-01-02 09:47:21-05:00	151.87	151.87	151.87	151.87
2019-01-02 09:47:22-05:00	151.88	151.88	151.88	151.88
2019-01-02 09:47:23-05:00	151.9	151.9	151.9	151.9
2019-01-02 09:47:24-05:00	151.85	151.85	151.85	151.85
2019-01-02 09:47:25-05:00	151.87	151.87	151.87	151.87
2019-01-02 09:47:26-05:00	151.87	151.87	151.87	151.87
2019-01-02 09:47:27-05:00	151.86	151.86	151.86	151.86
2019-01-02 09:47:28-05:00	151.85	151.85	151.85	151.85
2019-01-02 09:47:29-05:00	151.83	151.83	151.83	151.83
2019-01-02 09:47:30-05:00	151.85	151.85	151.85	151.85
2019-01-02 09:47:31-05:00	151.86	151.86	151.86	151.86
2019-01-02 09:47:32-05:00	151.86	151.86	151.86	151.86
2019-01-02 09:47:33-05:00	151.87	151.87	151.87	151.87
2019-01-02 09:47:34-05:00	151.89	151.89	151.89	151.89
2019-01-02 09:47:35-05:00	151.9	151.9	151.9	151.9
2019-01-02 09:47:36-05:00	151.92	151.92	151.92	151.92
2019-01-02 09:47:37-05:00	151.99	151.99	151.99	151.99
2019-01-02 09:47:38-05:00	152	152	152	152
2019-01-02 09:47:39-05:00	152.02	152.02	152.02	152.02
2019-01-02 09:47:40-05:00	152.03	152.03	152.03	152.03
2019-01-02 09:47:41-05:00	152.03	152.03	152.03	152.03
2019-01-02 09:47:42-05:00	152.05	152.05	152.05	152.05
2019-01-02 09:47:43-05:00	152.08	152.08	152.08	152.08
2019-01-02 09:47:44-05:00	152.06	152.06	152.06	152.06
2019-01-02 09:47:45-05:00	152.05	152.05	152.05	152.05
2019-01-02 09:47:46-05:00	152.06	152.06	152.06	152.06
2019-01-02 09:47:47-05:00	152.1	152.1	152.1	152.1
2019-01-02 09:47:48-05:00	152.1	152.1	152.1	152.1
2019-01-02 09:47:49-05:00	152.12	152.12	152.12	152.12
2019-01-02 09:47:50-05:00	152.14	152.14	152.14	152.14
2019-01-02 09:47:51-05:00	152.17	152.17	152.17	152.17
2019-01-02 09:47:52-05:00	152.19	152.19	152.19	152.19
2019-01-02 09:47:53-05:00	152.17	152.17	152.17	152.17
2019-01-02 09:47:54-05:00	152.14	152.14	152.14	152.14
2019-01-02 09:47:55-05:00	152.12	152.12	152.12	152.12
2019-01-02 09:47:56-05:00	152.14	152.14	152.14	152.14
2019-01-02 09:47:57-05:00	152.16	152.16	152.16	152.16
2019-01-02 09:47:58-05:00	152.17	152.17	152.17	152.17
2019-01-02 09:47:59-05:00	152.16	152.16	152.16	152.16
2019-01-02 09:48:00-05:00	152.13	152.13	152.13	152.13
2019-01-02 09:48:01-05:00	152.13	152.13	152.13	152.13
2019-01-02 09:48:02-05:00	152.12	152.12	152.12	152.12
2019-01-02 09:48:03-05:00	152.12	152.12	152.12	152.12
2019-01-02 09:48:04-05:00	152.12	152.12	152.12	152.12
2019-01-02 09:48:05-05:00	152.15	152.15	152.15	152.15
2019-01-02 09:48:07-05:00	152.16	152.16	152.16	152.16
2019-01-02 09:48:08-05:00	152.16	152.16	152.16	152.16
2019-01-02 09:48:09-05:00	152.18	152.18	152.18	152.18
2019-01-02 09:48:10-05:00	152.16	152.16	152.16	152.16
2019-01-02 09:48:11-05:00	152.19	152.19	152.19	152.19
2019-01-02 09:48:12-05:00	152.2	152.2	152.2	152.2
2019-01-02 09:48:13-05:00	152.18	152.18	152.18	152.18
2019-01-02 09:48:14-05:00	152.18	152.18	152.18	152.18
2019-01-02 09:48:15-05:00	152.15	152.15	152.15	152.15
2019-01-02 09:48:16-05:00	152.14	152.14	152.14	152.14
2019-01-02 09:48:17-05:00	152.12	152.12	152.12	152.12
2019-01-02 09:48:18-05:00	152.11	152.11	152.11	152.11
2019-01-02 09:48:19-05:00	152.1	152.1	152.1	152.1
2019-01-02 09:48:20-05:00	152.11	152.11	152.11	152.11
2019-01-02 09:48:21-05:00	152.1	152.1	152.1	152.1
2019-01-02 09:48:22-05:00	152.11	152.11	152.11	152.11
2019-01-02 09:48:23-05:00	152.12	152.12	152.12	152.12
2019-01-02 09:48:24-05:00	152.12	152.12	152.12	152.12
2019-01-02 09:48:25-05:00	152.11	152.11	152.11	152.11
2019-01-02 09:48:26-05:00	152.11	152.11	152.11	152.11
2019-01-02 09:48:27-05:00	152.09	152.09	152.09	152.09
2019-01-02 09:48:28-05:00	152.1	152.1	152.1	152.1
2019-01-02 09:48:29-05:00	152.13	152.13	152.13	152.13
2019-01-02 09:48:30-05:00	152.12	152.12	152.12	152.12
2019-01-02 09:48:31-05:00	152.12	152.12	152.12	152.12
2019-01-02 09:48:32-05:00	152.14	152.14	152.14	152.14
2019-01-02 09:48:33-05:00	152.13	152.13	152.13	152.13
2019-01-02 09:48:34-05:00	152.13	152.13	152.13	152.13
2019-01-02 09:48:35-05:00	152.11	152.11	152.11	152.11
2019-01-02 09:48:36-05:00	152.11	152.11	152.11	152.11
2019-01-02 09:48:37-05:00	152.12	152.12	152.12	152.12
2019-01-02 09:48:38-05:00	152.12	152.12	152.12	152.12
2019-01-02 09:48:39-05:00	152.13	152.13	152.13	152.13
2019-01-02 09:48:40-05:00	152.12	152.12	152.12	152.12
2019-01-02 09:48:41-05:00	152.07	152.07	152.07	152.07
2019-01-02 09:48:42-05:00	152.09	152.09	152.09	152.09
2019-01-02 09:48:43-05:00	152.1	152.1	152.1	152.1
2019-01-02 09:48:44-05:00	152.09	152.09	152.09	152.09
2019-01-02 09:48:45-05:00	152.07	152.07	152.07	152.07
2019-01-02 09:48:46-05:00	152.06	152.06	152.06	152.06
2019-01-02 09:48:47-05:00	152.03	152.03	152.03	152.03
2019-01-02 09:48:48-05:00	152.04	152.04	152.04	152.04
2019-01-02 09:48:49-05:00	152.05	152.05	152.05	152.05
2019-01-02 09:48:50-05:00	152.1	152.1	152.1	152.1
2019-01-02 09:48:51-05:00	152.12	152.12	152.12	152.12
2019-01-02 09:48:52-05:00	152.05	152.05	152.05	152.05
2019-01-02 09:48:53-05:00	152.01	152.01	152.01	152.01
2019-01-02 09:48:54-05:00	152.04	152.04	152.04	152.04
2019-01-02 09:48:55-05:00	152.05	152.05	152.05	152.05
2019-01-02 09:48:56-05:00	152.08	152.08	152.08	152.08
2019-01-02 09:48:57-05:00	152.06	152.06	152.06	152.06
2019-01-02 09:48:58-05:00	152.06	152.06	152.06	152.06
2019-01-02 09:48:59-05:00	152.06	152.06	152.06	152.06
2019-01-02 09:49:00-05:00	152.05	152.05	152.05	152.05
2019-01-02 09:49:01-05:00	152.02	152.02	152.02	152.02
2019-01-02 09:49:02-05:00	152.02	152.02	152.02	152.02
2019-01-02 09:49:03-05:00	152.02	152.02	152.02	152.02
2019-01-02 09:49:04-05:00	152.01	152.01	152.01	152.01
2019-01-02 09:49:05-05:00	152.05	152.05	152.05	152.05
2019-01-02 09:49:06-05:00	152.04	152.04	152.04	152.04
2019-01-02 09:49:07-05:00	152.03	152.03	152.03	152.03
2019-01-02 09:49:08-05:00	152.06	152.06	152.06	152.06
2019-01-02 09:49:09-05:00	152.03	152.03	152.03	152.03
2019-01-02 09:49:10-05:00	152.05	152.05	152.05	152.05
2019-01-02 09:49:11-05:00	152.04	152.04	152.04	152.04
2019-01-02 09:49:12-05:00	152.07	152.07	152.07	152.07
2019-01-02 09:49:13-05:00	152.11	152.11	152.11	152.11
2019-01-02 09:49:14-05:00	152.08	152.08	152.08	152.08
2019-01-02 09:49:15-05:00	152.08	152.08	152.08	152.08
2019-01-02 09:49:16-05:00	152.07	152.07	152.07	152.07
2019-01-02 09:49:17-05:00	152.06	152.06	152.06	152.06
2019-01-02 09:49:18-05:00	152.04	152.04	152.04	152.04
2019-01-02 09:49:19-05:00	152.04	152.04	152.04	152.04
2019-01-02 09:49:20-05:00	152.07	152.07	152.07	152.07
2019-01-02 09:49:21-05:00	152.09	152.09	152.09	152.09
2019-01-02 09:49:22-05:00	152.06	152.06	152.06	152.06
2019-01-02 09:49:23-05:00	152.04	152.04	152.04	152.04
2019-01-02 09:49:24-05:00	152.04	152.04	152.04	152.04
2019-01-02 09:49:25-05:00	152.05	152.05	152.05	152.05
2019-01-02 09:49:26-05:00	152.06	152.06	152.06	152.06
2019-01-02 09:49:27-05:00	152.03	152.03	152.03	152.03
2019-01-02 09:49:28-05:00	152.03	152.03	152.03	152.03
2019-01-02 09:49:30-05:00	152.05	152.05	152.05	152.05
2019-01-02 09:49:31-05:00	152.05	152.05	152.05	152.05
2019-01-02 09:49:32-05:00	152.04	152.04	152.04	152.04
2019-01-02 09:49:33-05:00	152.07	152.07	152.07	152.07
2019-01-02 09:49:34-05:00	152.08	152.08	152.08	152.08
2019-01-02 09:49:35-05:00	152.08	152.08	152.08	152.08
2019-01-02 09:49:36-05:00	152.06	152.06	152.06	152.06
2019-01-02 09:49:37-05:00	152.08	152.08	152.08	152.08
2019-01-02 09:49:38-05:00	152.1	152.1	152.1	152.1
2019-01-02 09:49:39-05:00	152.09	152.09	152.09	152.09
2019-01-02 09:49:40-05:00	152.15	152.15	152.15	152.15
2019-01-02 09:49:41-05:00	152.16	152.16	152.16	152.16
2019-01-02 09:49:42-05:00	152.17	152.17	152.17	152.17
2019-01-02 09:49:43-05:00	152.17	152.17	152.17	152.17
2019-01-02 09:49:44-05:00	152.16	152.16	152.16	152.16
2019-01-02 09:49:45-05:00	152.17	152.17	152.17	152.17
2019-01-02 09:49:46-05:00	152.18	152.18	152.18	152.18
2019-01-02 09:49:48-05:00	152.19	152.19	152.19	152.19
2019-01-02 09:49:49-05:00	152.19	152.19	152.19	152.19
2019-01-02 09:49:50-05:00	152.18	152.18	152.18	152.18
2019-01-02 09:49:51-05:00	152.15	152.15	152.15	152.15
2019-01-02 09:49:52-05:00	152.17	152.17	152.17	152.17
2019-01-02 09:49:54-05:00	152.15	152.15	152.15	152.15
2019-01-02 09:49:56-05:00	152.16	152.16	152.16	152.16
2019-01-02 09:49:58-05:00	152.16	152.16	152.16	152.16
2019-01-02 09:49:59-05:00	152.15	152.15	152.15	152.15
2019-01-02 09:50:00-05:00	152.15	152.15	152.15	152.15
2019-01-02 09:50:01-05:00	152.16	152.16	152.16	152.16
2019-01-02 09:50:02-05:00	152.21	152.21	152.21	152.21
2019-01-02 09:50:03-05:00	152.23	152.23	152.23	152.23
2019-01-02 09:50:04-05:00	152.23	152.23	152.23	152.23
2019-01-02 09:50:05-05:00	152.22	152.22	152.22	152.22
2019-01-02 09:50:06-05:00	152.22	152.22	152.22	152.22
2019-01-02 09:50:07-05:00	152.22	152.22	152.22	152.22
2019-01-02 09:50:08-05:00	152.2	152.2	152.2	152.2
2019-01-02 09:50:09-05:00	152.19	152.19	152.19	152.19
2019-01-02 09:50:10-05:00	152.17	152.17	152.17	152.17
2019-01-02 09:50:11-05:00	152.18	152.18	152.18	152.18
2019-01-02 09:50:12-05:00	152.18	152.18	152.18	152.18
2019-01-02 09:50:13-05:00	152.15	152.15	152.15	152.15
2019-01-02 09:50:14-05:00	152.18	152.18	152.18	152.18
2019-01-02 09:50:15-05:00	152.19	152.19	152.19	152.19
2019-01-02 09:50:16-05:00	152.22	152.22	152.22	152.22
2019-01-02 09:50:17-05:00	152.22	152.22	152.22	152.22
2019-01-02 09:50:18-05:00	152.24	152.24	152.24	152.24
2019-01-02 09:50:19-05:00	152.24	152.24	152.24	152.24
2019-01-02 09:50:20-05:00	152.23	152.23	152.23	152.23
2019-01-02 09:50:21-05:00	152.21	152.21	152.21	152.21
2019-01-02 09:50:22-05:00	152.22	152.22	152.22	152.22
2019-01-02 09:50:23-05:00	152.22	152.22	152.22	152.22
2019-01-02 09:50:24-05:00	152.22	152.22	152.22	152.22
2019-01-02 09:50:25-05:00	152.25	152.25	152.25	152.25
2019-01-02 09:50:26-05:00	152.25	152.25	152.25	152.25
2019-01-02 09:50:27-05:00	152.26	152.26	152.26	152.26
2019-01-02 09:50:28-05:00	152.26	152.26	152.26	152.26
2019-01-02 09:50:29-05:00	152.26	152.26	152.26	152.26
2019-01-02 09:50:30-05:00	152.25	152.25	152.25	152.25
2019-01-02 09:50:31-05:00	152.26	152.26	152.26	152.26
2019-01-02 09:50:32-05:00	152.26	152.26	152.26	152.26
2019-01-02 09:50:33-05:00	152.26	152.26	152.26	152.26
2019-01-02 09:50:34-05:00	152.25	152.25	152.25	152.25
2019-01-02 09:50:35-05:00	152.25	152.25	152.25	152.25
2019-01-02 09:50:36-05:00	152.24	152.24	152.24	152.24
2019-01-02 09:50:37-05:00	152.22	152.22	152.22	152.22
2019-01-02 09:50:38-05:00	152.19	152.19	152.19	152.19
2019-01-02 09:50:39-05:00	152.21	152.21	152.21	152.21
2019-01-02 09:50:40-05:00	152.19	152.19	152.19	152.19
2019-01-02 09:50:41-05:00	152.16	152.16	152.16	152.16
2019-01-02 09:50:42-05:00	152.15	152.15	152.15	152.15
2019-01-02 09:50:43-05:00	152.15	152.15	152.15	152.15
2019-01-02 09:50:44-05:00	152.16	152.16	152.16	152.16
2019-01-02 09:50:45-05:00	152.15	152.15	152.15	152.15
2019-01-02 09:50:46-05:00	152.17	152.17	152.17	152.17
2019-01-02 09:50:47-05:00	152.16	152.16	152.16	152.16
2019-01-02 09:50:48-05:00	152.16	152.16	152.16	152.16
2019-01-02 09:50:49-05:00	152.17	152.17	152.17	152.17
2019-01-02 09:50:50-05:00	152.14	152.14	152.14	152.14
2019-01-02 09:50:51-05:00	152.14	152.14	152.14	152.14
2019-01-02 09:50:52-05:00	152.15	152.15	152.15	152.15
2019-01-02 09:50:53-05:00	152.14	152.14	152.14	152.14
2019-01-02 09:50:54-05:00	152.15	152.15	152.15	152.15
2019-01-02 09:50:55-05:00	152.14	152.14	152.14	152.14
2019-01-02 09:50:56-05:00	152.16	152.16	152.16	152.16
2019-01-02 09:50:57-05:00	152.18	152.18	152.18	152.18
2019-01-02 09:50:58-05:00	152.18	152.18	152.18	152.18
2019-01-02 09:50:59-05:00	152.15	152.15	152.15	152.15
2019-01-02 09:51:01-05:00	152.15	152.15	152.15	152.15
2019-01-02 09:51:02-05:00	152.14	152.14	152.14	152.14
2019-01-02 09:51:03-05:00	152.16	152.16	152.16	152.16
2019-01-02 09:51:04-05:00	152.15	152.15	152.15	152.15
2019-01-02 09:51:06-05:00	152.15	152.15	152.15	152.15
2019-01-02 09:51:07-05:00	152.16	152.16	152.16	152.16
2019-01-02 09:51:09-05:00	152.19	152.19	152.19	152.19
2019-01-02 09:51:10-05:00	152.2	152.2	152.2	152.2
2019-01-02 09:51:11-05:00	152.28	152.28	152.28	152.28
2019-01-02 09:51:12-05:00	152.27	152.27	152.27	152.27
2019-01-02 09:51:13-05:00	152.24	152.24	152.24	152.24
2019-01-02 09:51:14-05:00	152.22	152.22	152.22	152.22
2019-01-02 09:51:15-05:00	152.2	152.2	152.2	152.2
2019-01-02 09:51:16-05:00	152.18	152.18	152.18	152.18
2019-01-02 09:51:17-05:00	152.15	152.15	152.15	152.15
2019-01-02 09:51:18-05:00	152.16	152.16	152.16	152.16
2019-01-02 09:51:19-05:00	152.16	152.16	152.16	152.16
2019-01-02 09:51:20-05:00	152.18	152.18	152.18	152.18
2019-01-02 09:51:22-05:00	152.16	152.16	152.16	152.16
2019-01-02 09:51:23-05:00	152.14	152.14	152.14	152.14
2019-01-02 09:51:24-05:00	152.12	152.12	152.12	152.12
2019-01-02 09:51:25-05:00	152.11	152.11	152.11	152.11
2019-01-02 09:51:26-05:00	152.06	152.06	152.06	152.06
2019-01-02 09:51:27-05:00	152.07	152.07	152.07	152.07
2019-01-02 09:51:28-05:00	152.04	152.04	152.04	152.04
2019-01-02 09:51:29-05:00	152.04	152.04	152.04	152.04
2019-01-02 09:51:30-05:00	152.06	152.06	152.06	152.06
2019-01-02 09:51:31-05:00	152.04	152.04	152.04	152.04
2019-01-02 09:51:32-05:00	152.07	152.07	152.07	152.07
2019-01-02 09:51:33-05:00	152.09	152.09	152.09	152.09
2019-01-02 09:51:34-05:00	152.07	152.07	152.07	152.07
2019-01-02 09:51:35-05:00	152.07	152.07	152.07	152.07
2019-01-02 09:51:36-05:00	152.06	152.06	152.06	152.06
2019-01-02 09:51:37-05:00	152.08	152.08	152.08	152.08
2019-01-02 09:51:38-05:00	152.07	152.07	152.07	152.07
2019-01-02 09:51:39-05:00	152.07	152.07	152.07	152.07
2019-01-02 09:51:40-05:00	152.08	152.08	152.08	152.08
2019-01-02 09:51:41-05:00	152.04	152.04	152.04	152.04
2019-01-02 09:51:42-05:00	152	152	152	152
2019-01-02 09:51:43-05:00	151.99	151.99	151.99	151.99
2019-01-02 09:51:44-05:00	151.99	151.99	151.99	151.99
2019-01-02 09:51:45-05:00	151.97	151.97	151.97	151.97
2019-01-02 09:51:46-05:00	151.97	151.97	151.97	151.97
2019-01-02 09:51:47-05:00	151.99	151.99	151.99	151.99
2019-01-02 09:51:48-05:00	151.98	151.98	151.98	151.98
2019-01-02 09:51:49-05:00	151.99	151.99	151.99	151.99
2019-01-02 09:51:50-05:00	152	152	152	152
2019-01-02 09:51:51-05:00	152.01	152.01	152.01	152.01
2019-01-02 09:51:52-05:00	152.03	152.03	152.03	152.03
2019-01-02 09:51:53-05:00	152.04	152.04	152.04	152.04
2019-01-02 09:51:54-05:00	152.03	152.03	152.03	152.03
2019-01-02 09:51:55-05:00	152.04	152.04	152.04	152.04
2019-01-02 09:51:56-05:00	152.03	152.03	152.03	152.03
2019-01-02 09:51:57-05:00	152.03	152.03	152.03	152.03
2019-01-02 09:51:58-05:00	152.03	152.03	152.03	152.03
2019-01-02 09:51:59-05:00	152.03	152.03	152.03	152.03
2019-01-02 09:52:00-05:00	152.03	152.03	152.03	152.03
2019-01-02 09:52:01-05:00	152.02	152.02	152.02	152.02
2019-01-02 09:52:02-05:00	152.03	152.03	152.03	152.03
2019-01-02 09:52:03-05:00	152.03	152.03	152.03	152.03
2019-01-02 09:52:04-05:00	152.02	152.02	152.02	152.02
2019-01-02 09:52:05-05:00	152.03	152.03	152.03	152.03
2019-01-02 09:52:06-05:00	152.03	152.03	152.03	152.03
2019-01-02 09:52:07-05:00	152.03	152.03	152.03	152.03
2019-01-02 09:52:08-05:00	152.02	152.02	152.02	152.02
2019-01-02 09:52:09-05:00	152.02	152.02	152.02	152.02
2019-01-02 09:52:11-05:00	152.03	152.03	152.03	152.03
2019-01-02 09:52:12-05:00	152.07	152.07	152.07	152.07
2019-01-02 09:52:13-05:00	152.08	152.08	152.08	152.08
2019-01-02 09:52:14-05:00	152.16	152.16	152.16	152.16
2019-01-02 09:52:15-05:00	152.14	152.14	152.14	152.14
2019-01-02 09:52:16-05:00	152.11	152.11	152.11	152.11
2019-01-02 09:52:17-05:00	152.1	152.1	152.1	152.1
2019-01-02 09:52:19-05:00	152.1	152.1	152.1	152.1
2019-01-02 09:52:20-05:00	152.1	152.1	152.1	152.1
2019-01-02 09:52:21-05:00	152.09	152.09	152.09	152.09
2019-01-02 09:52:22-05:00	152.08	152.08	152.08	152.08
2019-01-02 09:52:23-05:00	152.08	152.08	152.08	152.08
2019-01-02 09:52:24-05:00	152.06	152.06	152.06	152.06
2019-01-02 09:52:25-05:00	152.06	152.06	152.06	152.06
2019-01-02 09:52:26-05:00	152.04	152.04	152.04	152.04
2019-01-02 09:52:27-05:00	152.02	152.02	152.02	152.02
2019-01-02 09:52:28-05:00	152	152	152	152
2019-01-02 09:52:29-05:00	151.98	151.98	151.98	151.98
2019-01-02 09:52:30-05:00	151.97	151.97	151.97	151.97
2019-01-02 09:52:31-05:00	151.99	151.99	151.99	151.99
2019-01-02 09:52:32-05:00	151.98	151.98	151.98	151.98
2019-01-02 09:52:33-05:00	151.97	151.97	151.97	151.97
2019-01-02 09:52:34-05:00	151.97	151.97	151.97	151.97
2019-01-02 09:52:35-05:00	151.99	151.99	151.99	151.99
2019-01-02 09:52:36-05:00	151.99	151.99	151.99	151.99
2019-01-02 09:52:37-05:00	152.03	152.03	152.03	152.03
2019-01-02 09:52:39-05:00	152.01	152.01	152.01	152.01
2019-01-02 09:52:40-05:00	152.01	152.01	152.01	152.01
2019-01-02 09:52:41-05:00	151.99	151.99	151.99	151.99
2019-01-02 09:52:42-05:00	151.98	151.98	151.98	151.98
2019-01-02 09:52:43-05:00	151.96	151.96	151.96	151.96
2019-01-02 09:52:44-05:00	151.96	151.96	151.96	151.96
2019-01-02 09:52:45-05:00	151.96	151.96	151.96	151.96
2019-01-02 09:52:46-05:00	151.95	151.95	151.95	151.95
2019-01-02 09:52:47-05:00	151.94	151.94	151.94	151.94
2019-01-02 09:52:48-05:00	151.96	151.96	151.96	151.96
2019-01-02 09:52:49-05:00	151.98	151.98	151.98	151.98
2019-01-02 09:52:50-05:00	151.99	151.99	151.99	151.99
2019-01-02 09:52:51-05:00	152.02	152.02	152.02	152.02
2019-01-02 09:52:54-05:00	152.03	152.03	152.03	152.03
2019-01-02 09:52:55-05:00	152.01	152.01	152.01	152.01
2019-01-02 09:52:56-05:00	152.01	152.01	152.01	152.01
2019-01-02 09:52:57-05:00	152	152	152	152
2019-01-02 09:52:58-05:00	151.98	151.98	151.98	151.98
2019-01-02 09:52:59-05:00	151.96	151.96	151.96	151.96
2019-01-02 09:53:00-05:00	151.96	151.96	151.96	151.96
2019-01-02 09:53:01-05:00	151.95	151.95	151.95	151.95
2019-01-02 09:53:02-05:00	151.95	151.95	151.95	151.95
2019-01-02 09:53:03-05:00	151.97	151.97	151.97	151.97
2019-01-02 09:53:04-05:00	151.96	151.96	151.96	151.96
2019-01-02 09:53:05-05:00	151.98	151.98	151.98	151.98
2019-01-02 09:53:07-05:00	151.98	151.98	151.98	151.98
2019-01-02 09:53:08-05:00	151.97	151.97	151.97	151.97
2019-01-02 09:53:09-05:00	151.96	151.96	151.96	151.96
2019-01-02 09:53:10-05:00	151.96	151.96	151.96	151.96
2019-01-02 09:53:11-05:00	151.97	151.97	151.97	151.97
2019-01-02 09:53:12-05:00	151.97	151.97	151.97	151.97
2019-01-02 09:53:13-05:00	151.98	151.98	151.98	151.98
2019-01-02 09:53:14-05:00	152	152	152	152
2019-01-02 09:53:15-05:00	151.97	151.97	151.97	151.97
2019-01-02 09:53:16-05:00	151.98	151.98	151.98	151.98
2019-01-02 09:53:17-05:00	152.02	152.02	152.02	152.02
2019-01-02 09:53:18-05:00	152.02	152.02	152.02	152.02
2019-01-02 09:53:19-05:00	152.02	152.02	152.02	152.02
2019-01-02 09:53:21-05:00	152.03	152.03	152.03	152.03
2019-01-02 09:53:22-05:00	152.04	152.04	152.04	152.04
2019-01-02 09:53:23-05:00	152.06	152.06	152.06	152.06
2019-01-02 09:53:24-05:00	152.06	152.06	152.06	152.06
2019-01-02 09:53:25-05:00	152.07	152.07	152.07	152.07
2019-01-02 09:53:26-05:00	152.08	152.08	152.08	152.08
2019-01-02 09:53:27-05:00	152.05	152.05	152.05	152.05
2019-01-02 09:53:28-05:00	152.06	152.06	152.06	152.06
2019-01-02 09:53:29-05:00	152.06	152.06	152.06	152.06
2019-01-02 09:53:30-05:00	152.08	152.08	152.08	152.08
2019-01-02 09:53:31-05:00	152.05	152.05	152.05	152.05
2019-01-02 09:53:32-05:00	152.03	152.03	152.03	152.03
2019-01-02 09:53:33-05:00	152.04	152.04	152.04	152.04
2019-01-02 09:53:35-05:00	152.04	152.04	152.04	152.04
2019-01-02 09:53:36-05:00	152.06	152.06	152.06	152.06
2019-01-02 09:53:37-05:00	151.99	151.99	151.99	151.99
2019-01-02 09:53:38-05:00	152	152	152	152
2019-01-02 09:53:39-05:00	151.98	151.98	151.98	151.98
2019-01-02 09:53:40-05:00	152	152	152	152
2019-01-02 09:53:41-05:00	152.01	152.01	152.01	152.01
2019-01-02 09:53:42-05:00	152.06	152.06	152.06	152.06
2019-01-02 09:53:43-05:00	152.06	152.06	152.06	152.06
2019-01-02 09:53:45-05:00	152.08	152.08	152.08	152.08
2019-01-02 09:53:46-05:00	152.09	152.09	152.09	152.09
2019-01-02 09:53:47-05:00	152.09	152.09	152.09	152.09
2019-01-02 09:53:48-05:00	152.06	152.06	152.06	152.06
2019-01-02 09:53:49-05:00	152.05	152.05	152.05	152.05
2019-01-02 09:53:50-05:00	152.02	152.02	152.02	152.02
2019-01-02 09:53:51-05:00	152.02	152.02	152.02	152.02
2019-01-02 09:53:52-05:00	152	152	152	152
2019-01-02 09:53:53-05:00	151.96	151.96	151.96	151.96
2019-01-02 09:53:54-05:00	151.95	151.95	151.95	151.95
2019-01-02 09:53:55-05:00	151.91	151.91	151.91	151.91
2019-01-02 09:53:56-05:00	151.91	151.91	151.91	151.91
2019-01-02 09:53:57-05:00	151.93	151.93	151.93	151.93
2019-01-02 09:53:58-05:00	151.94	151.94	151.94	151.94
2019-01-02 09:54:01-05:00	151.95	151.95	151.95	151.95
2019-01-02 09:54:02-05:00	151.96	151.96	151.96	151.96
2019-01-02 09:54:04-05:00	152	152	152	152
2019-01-02 09:54:05-05:00	152.01	152.01	152.01	152.01
2019-01-02 09:54:06-05:00	151.99	151.99	151.99	151.99
2019-01-02 09:54:07-05:00	152.02	152.02	152.02	152.02
2019-01-02 09:54:08-05:00	152.04	152.04	152.04	152.04
2019-01-02 09:54:09-05:00	152.07	152.07	152.07	152.07
2019-01-02 09:54:10-05:00	152.07	152.07	152.07	152.07
2019-01-02 09:54:11-05:00	152.06	152.06	152.06	152.06
2019-01-02 09:54:12-05:00	152.04	152.04	152.04	152.04
2019-01-02 09:54:13-05:00	152.04	152.04	152.04	152.04
2019-01-02 09:54:15-05:00	152.04	152.04	152.04	152.04
2019-01-02 09:54:16-05:00	152.03	152.03	152.03	152.03
2019-01-02 09:54:18-05:00	152.07	152.07	152.07	152.07
2019-01-02 09:54:21-05:00	152.04	152.04	152.04	152.04
2019-01-02 09:54:23-05:00	152.04	152.04	152.04	152.04
2019-01-02 09:54:24-05:00	152.05	152.05	152.05	152.05
2019-01-02 09:54:25-05:00	152.06	152.06	152.06	152.06
2019-01-02 09:54:27-05:00	152.03	152.03	152.03	152.03
2019-01-02 09:54:28-05:00	152.03	152.03	152.03	152.03
2019-01-02 09:54:29-05:00	152.04	152.04	152.04	152.04
2019-01-02 09:54:30-05:00	152.03	152.03	152.03	152.03
2019-01-02 09:54:32-05:00	152.04	152.04	152.04	152.04
2019-01-02 09:54:33-05:00	152.07	152.07	152.07	152.07
2019-01-02 09:54:34-05:00	152.05	152.05	152.05	152.05
2019-01-02 09:54:35-05:00	152.04	152.04	152.04	152.04
2019-01-02 09:54:36-05:00	152.04	152.04	152.04	152.04
2019-01-02 09:54:37-05:00	152.06	152.06	152.06	152.06
2019-01-02 09:54:38-05:00	152.07	152.07	152.07	152.07
2019-01-02 09:54:39-05:00	152.08	152.08	152.08	152.08
2019-01-02 09:54:40-05:00	152.1	152.1	152.1	152.1
2019-01-02 09:54:41-05:00	152.09	152.09	152.09	152.09
2019-01-02 09:54:42-05:00	152.07	152.07	152.07	152.07
2019-01-02 09:54:43-05:00	152.06	152.06	152.06	152.06
2019-01-02 09:54:44-05:00	152.07	152.07	152.07	152.07
2019-01-02 09:54:45-05:00	152.07	152.07	152.07	152.07
2019-01-02 09:54:46-05:00	152.06	152.06	152.06	152.06
2019-01-02 09:54:47-05:00	152.09	152.09	152.09	152.09
2019-01-02 09:54:48-05:00	152.11	152.11	152.11	152.11
2019-01-02 09:54:49-05:00	152.08	152.08	152.08	152.08
2019-01-02 09:54:50-05:00	152.08	152.08	152.08	152.08
2019-01-02 09:54:51-05:00	152.1	152.1	152.1	152.1
2019-01-02 09:54:52-05:00	152.1	152.1	152.1	152.1
2019-01-02 09:54:53-05:00	152.13	152.13	152.13	152.13
2019-01-02 09:54:54-05:00	152.13	152.13	152.13	152.13
2019-01-02 09:54:55-05:00	152.14	152.14	152.14	152.14
2019-01-02 09:54:56-05:00	152.14	152.14	152.14	152.14
2019-01-02 09:54:57-05:00	152.16	152.16	152.16	152.16
2019-01-02 09:54:58-05:00	152.15	152.15	152.15	152.15
2019-01-02 09:54:59-05:00	152.13	152.13	152.13	152.13
2019-01-02 09:55:02-05:00	152.15	152.15	152.15	152.15
2019-01-02 09:55:04-05:00	152.12	152.12	152.12	152.12
2019-01-02 09:55:05-05:00	152.1	152.1	152.1	152.1
2019-01-02 09:55:06-05:00	152.09	152.09	152.09	152.09
2019-01-02 09:55:07-05:00	152.09	152.09	152.09	152.09
2019-01-02 09:55:08-05:00	152.07	152.07	152.07	152.07
2019-01-02 09:55:09-05:00	152.07	152.07	152.07	152.07
2019-01-02 09:55:10-05:00	152.07	152.07	152.07	152.07
2019-01-02 09:55:11-05:00	152.1	152.1	152.1	152.1
2019-01-02 09:55:12-05:00	152.09	152.09	152.09	152.09
2019-01-02 09:55:13-05:00	152.1	152.1	152.1	152.1
2019-01-02 09:55:14-05:00	152.12	152.12	152.12	152.12
2019-01-02 09:55:15-05:00	152.15	152.15	152.15	152.15
2019-01-02 09:55:16-05:00	152.15	152.15	152.15	152.15
2019-01-02 09:55:17-05:00	152.14	152.14	152.14	152.14
2019-01-02 09:55:18-05:00	152.17	152.17	152.17	152.17
2019-01-02 09:55:19-05:00	152.19	152.19	152.19	152.19
2019-01-02 09:55:20-05:00	152.21	152.21	152.21	152.21
2019-01-02 09:55:22-05:00	152.21	152.21	152.21	152.21
2019-01-02 09:55:23-05:00	152.21	152.21	152.21	152.21
2019-01-02 09:55:24-05:00	152.23	152.23	152.23	152.23
2019-01-02 09:55:25-05:00	152.18	152.18	152.18	152.18
2019-01-02 09:55:26-05:00	152.14	152.14	152.14	152.14
2019-01-02 09:55:27-05:00	152.16	152.16	152.16	152.16
2019-01-02 09:55:28-05:00	152.16	152.16	152.16	152.16
2019-01-02 09:55:30-05:00	152.14	152.14	152.14	152.14
2019-01-02 09:55:31-05:00	152.14	152.14	152.14	152.14
2019-01-02 09:55:33-05:00	152.17	152.17	152.17	152.17
2019-01-02 09:55:35-05:00	152.18	152.18	152.18	152.18
2019-01-02 09:55:36-05:00	152.16	152.16	152.16	152.16
2019-01-02 09:55:37-05:00	152.14	152.14	152.14	152.14
2019-01-02 09:55:38-05:00	152.11	152.11	152.11	152.11
2019-01-02 09:55:39-05:00	152.12	152.12	152.12	152.12
2019-01-02 09:55:40-05:00	152.09	152.09	152.09	152.09
2019-01-02 09:55:41-05:00	152.12	152.12	152.12	152.12
2019-01-02 09:55:42-05:00	152.12	152.12	152.12	152.12
2019-01-02 09:55:43-05:00	152.13	152.13	152.13	152.13
2019-01-02 09:55:44-05:00	152.14	152.14	152.14	152.14
2019-01-02 09:55:47-05:00	152.15	152.15	152.15	152.15
2019-01-02 09:55:48-05:00	152.17	152.17	152.17	152.17
2019-01-02 09:55:50-05:00	152.19	152.19	152.19	152.19
2019-01-02 09:55:51-05:00	152.19	152.19	152.19	152.19
2019-01-02 09:55:52-05:00	152.2	152.2	152.2	152.2
2019-01-02 09:55:53-05:00	152.21	152.21	152.21	152.21
2019-01-02 09:55:54-05:00	152.21	152.21	152.21	152.21
2019-01-02 09:55:55-05:00	152.25	152.25	152.25	152.25
2019-01-02 09:55:56-05:00	152.23	152.23	152.23	152.23
2019-01-02 09:55:57-05:00	152.19	152.19	152.19	152.19
2019-01-02 09:55:58-05:00	152.18	152.18	152.18	152.18
2019-01-02 09:55:59-05:00	152.18	152.18	152.18	152.18
2019-01-02 09:56:00-05:00	152.17	152.17	152.17	152.17
2019-01-02 09:56:01-05:00	152.19	152.19	152.19	152.19
2019-01-02 09:56:02-05:00	152.21	152.21	152.21	152.21
2019-01-02 09:56:03-05:00	152.2	152.2	152.2	152.2
2019-01-02 09:56:04-05:00	152.21	152.21	152.21	152.21
2019-01-02 09:56:05-05:00	152.23	152.23	152.23	152.23
2019-01-02 09:56:06-05:00	152.25	152.25	152.25	152.25
2019-01-02 09:56:07-05:00	152.25	152.25	152.25	152.25
2019-01-02 09:56:08-05:00	152.24	152.24	152.24	152.24
2019-01-02 09:56:09-05:00	152.24	152.24	152.24	152.24
2019-01-02 09:56:10-05:00	152.24	152.24	152.24	152.24
2019-01-02 09:56:11-05:00	152.23	152.23	152.23	152.23
2019-01-02 09:56:12-05:00	152.23	152.23	152.23	152.23
2019-01-02 09:56:13-05:00	152.21	152.21	152.21	152.21
2019-01-02 09:56:14-05:00	152.24	152.24	152.24	152.24
2019-01-02 09:56:15-05:00	152.22	152.22	152.22	152.22
2019-01-02 09:56:16-05:00	152.22	152.22	152.22	152.22
2019-01-02 09:56:17-05:00	152.18	152.18	152.18	152.18
2019-01-02 09:56:18-05:00	152.17	152.17	152.17	152.17
2019-01-02 09:56:19-05:00	152.18	152.18	152.18	152.18
2019-01-02 09:56:20-05:00	152.19	152.19	152.19	152.19
2019-01-02 09:56:21-05:00	152.2	152.2	152.2	152.2
2019-01-02 09:56:22-05:00	152.21	152.21	152.21	152.21
2019-01-02 09:56:23-05:00	152.2	152.2	152.2	152.2
2019-01-02 09:56:24-05:00	152.2	152.2	152.2	152.2
2019-01-02 09:56:25-05:00	152.21	152.21	152.21	152.21
2019-01-02 09:56:26-05:00	152.23	152.23	152.23	152.23
2019-01-02 09:56:27-05:00	152.24	152.24	152.24	152.24
2019-01-02 09:56:28-05:00	152.23	152.23	152.23	152.23
2019-01-02 09:56:29-05:00	152.22	152.22	152.22	152.22
2019-01-02 09:56:30-05:00	152.24	152.24	152.24	152.24
2019-01-02 09:56:31-05:00	152.24	152.24	152.24	152.24
2019-01-02 09:56:32-05:00	152.24	152.24	152.24	152.24
2019-01-02 09:56:33-05:00	152.24	152.24	152.24	152.24
2019-01-02 09:56:34-05:00	152.24	152.24	152.24	152.24
2019-01-02 09:56:35-05:00	152.23	152.23	152.23	152.23
2019-01-02 09:56:36-05:00	152.25	152.25	152.25	152.25
2019-01-02 09:56:37-05:00	152.25	152.25	152.25	152.25
2019-01-02 09:56:38-05:00	152.31	152.31	152.31	152.31
2019-01-02 09:56:39-05:00	152.32	152.32	152.32	152.32
2019-01-02 09:56:40-05:00	152.31	152.31	152.31	152.31
2019-01-02 09:56:41-05:00	152.31	152.31	152.31	152.31
2019-01-02 09:56:42-05:00	152.34	152.34	152.34	152.34
2019-01-02 09:56:43-05:00	152.37	152.37	152.37	152.37
2019-01-02 09:56:44-05:00	152.39	152.39	152.39	152.39
2019-01-02 09:56:45-05:00	152.37	152.37	152.37	152.37
2019-01-02 09:56:46-05:00	152.37	152.37	152.37	152.37
2019-01-02 09:56:47-05:00	152.38	152.38	152.38	152.38
2019-01-02 09:56:48-05:00	152.37	152.37	152.37	152.37
2019-01-02 09:56:49-05:00	152.39	152.39	152.39	152.39
2019-01-02 09:56:50-05:00	152.41	152.41	152.41	152.41
2019-01-02 09:56:51-05:00	152.37	152.37	152.37	152.37
2019-01-02 09:56:52-05:00	152.37	152.37	152.37	152.37
2019-01-02 09:56:53-05:00	152.37	152.37	152.37	152.37
2019-01-02 09:56:54-05:00	152.34	152.34	152.34	152.34
2019-01-02 09:56:55-05:00	152.31	152.31	152.31	152.31
2019-01-02 09:56:56-05:00	152.32	152.32	152.32	152.32
2019-01-02 09:56:57-05:00	152.32	152.32	152.32	152.32
2019-01-02 09:56:59-05:00	152.34	152.34	152.34	152.34
2019-01-02 09:57:00-05:00	152.33	152.33	152.33	152.33
2019-01-02 09:57:01-05:00	152.3	152.3	152.3	152.3
2019-01-02 09:57:02-05:00	152.29	152.29	152.29	152.29
2019-01-02 09:57:03-05:00	152.3	152.3	152.3	152.3
2019-01-02 09:57:04-05:00	152.31	152.31	152.31	152.31
2019-01-02 09:57:05-05:00	152.36	152.36	152.36	152.36
2019-01-02 09:57:06-05:00	152.35	152.35	152.35	152.35
2019-01-02 09:57:07-05:00	152.32	152.32	152.32	152.32
2019-01-02 09:57:08-05:00	152.3	152.3	152.3	152.3
2019-01-02 09:57:09-05:00	152.34	152.34	152.34	152.34
2019-01-02 09:57:10-05:00	152.36	152.36	152.36	152.36
2019-01-02 09:57:11-05:00	152.35	152.35	152.35	152.35
2019-01-02 09:57:12-05:00	152.36	152.36	152.36	152.36
2019-01-02 09:57:13-05:00	152.37	152.37	152.37	152.37
2019-01-02 09:57:14-05:00	152.38	152.38	152.38	152.38
2019-01-02 09:57:15-05:00	152.39	152.39	152.39	152.39
2019-01-02 09:57:16-05:00	152.41	152.41	152.41	152.41
2019-01-02 09:57:17-05:00	152.42	152.42	152.42	152.42
2019-01-02 09:57:18-05:00	152.43	152.43	152.43	152.43
2019-01-02 09:57:19-05:00	152.41	152.41	152.41	152.41
2019-01-02 09:57:20-05:00	152.38	152.38	152.38	152.38
2019-01-02 09:57:21-05:00	152.41	152.41	152.41	152.41
2019-01-02 09:57:22-05:00	152.42	152.42	152.42	152.42
2019-01-02 09:57:23-05:00	152.4	152.4	152.4	152.4
2019-01-02 09:57:24-05:00	152.41	152.41	152.41	152.41
2019-01-02 09:57:25-05:00	152.4	152.4	152.4	152.4
2019-01-02 09:57:26-05:00	152.38	152.38	152.38	152.38
2019-01-02 09:57:28-05:00	152.37	152.37	152.37	152.37
2019-01-02 09:57:29-05:00	152.37	152.37	152.37	152.37
2019-01-02 09:57:30-05:00	152.34	152.34	152.34	152.34
2019-01-02 09:57:31-05:00	152.36	152.36	152.36	152.36
2019-01-02 09:57:32-05:00	152.36	152.36	152.36	152.36
2019-01-02 09:57:33-05:00	152.35	152.35	152.35	152.35
2019-01-02 09:57:34-05:00	152.3	152.3	152.3	152.3
2019-01-02 09:57:35-05:00	152.27	152.27	152.27	152.27
2019-01-02 09:57:36-05:00	152.3	152.3	152.3	152.3
2019-01-02 09:57:38-05:00	152.29	152.29	152.29	152.29
2019-01-02 09:57:39-05:00	152.29	152.29	152.29	152.29
2019-01-02 09:57:40-05:00	152.32	152.32	152.32	152.32
2019-01-02 09:57:41-05:00	152.33	152.33	152.33	152.33
2019-01-02 09:57:42-05:00	152.32	152.32	152.32	152.32
2019-01-02 09:57:43-05:00	152.31	152.31	152.31	152.31
2019-01-02 09:57:44-05:00	152.22	152.22	152.22	152.22
2019-01-02 09:57:45-05:00	152.22	152.22	152.22	152.22
2019-01-02 09:57:46-05:00	152.24	152.24	152.24	152.24
2019-01-02 09:57:47-05:00	152.21	152.21	152.21	152.21
2019-01-02 09:57:48-05:00	152.21	152.21	152.21	152.21
2019-01-02 09:57:49-05:00	152.25	152.25	152.25	152.25
2019-01-02 09:57:50-05:00	152.26	152.26	152.26	152.26
2019-01-02 09:57:52-05:00	152.25	152.25	152.25	152.25
2019-01-02 09:57:53-05:00	152.23	152.23	152.23	152.23
2019-01-02 09:57:54-05:00	152.2	152.2	152.2	152.2
2019-01-02 09:57:55-05:00	152.2	152.2	152.2	152.2
2019-01-02 09:57:56-05:00	152.21	152.21	152.21	152.21
2019-01-02 09:57:57-05:00	152.23	152.23	152.23	152.23
2019-01-02 09:57:58-05:00	152.25	152.25	152.25	152.25
2019-01-02 09:57:59-05:00	152.26	152.26	152.26	152.26
2019-01-02 09:58:00-05:00	152.27	152.27	152.27	152.27
2019-01-02 09:58:01-05:00	152.29	152.29	152.29	152.29
2019-01-02 09:58:02-05:00	152.29	152.29	152.29	152.29
2019-01-02 09:58:03-05:00	152.29	152.29	152.29	152.29
2019-01-02 09:58:04-05:00	152.31	152.31	152.31	152.31
2019-01-02 09:58:05-05:00	152.3	152.3	152.3	152.3
2019-01-02 09:58:06-05:00	152.3	152.3	152.3	152.3
2019-01-02 09:58:07-05:00	152.3	152.3	152.3	152.3
2019-01-02 09:58:08-05:00	152.3	152.3	152.3	152.3
2019-01-02 09:58:09-05:00	152.35	152.35	152.35	152.35
2019-01-02 09:58:10-05:00	152.34	152.34	152.34	152.34
2019-01-02 09:58:11-05:00	152.3	152.3	152.3	152.3
2019-01-02 09:58:12-05:00	152.3	152.3	152.3	152.3
2019-01-02 09:58:13-05:00	152.29	152.29	152.29	152.29
2019-01-02 09:58:14-05:00	152.28	152.28	152.28	152.28
2019-01-02 09:58:15-05:00	152.25	152.25	152.25	152.25
2019-01-02 09:58:16-05:00	152.24	152.24	152.24	152.24
2019-01-02 09:58:17-05:00	152.23	152.23	152.23	152.23
2019-01-02 09:58:18-05:00	152.21	152.21	152.21	152.21
2019-01-02 09:58:19-05:00	152.2	152.2	152.2	152.2
2019-01-02 09:58:20-05:00	152.22	152.22	152.22	152.22
2019-01-02 09:58:21-05:00	152.23	152.23	152.23	152.23
2019-01-02 09:58:22-05:00	152.25	152.25	152.25	152.25
2019-01-02 09:58:23-05:00	152.24	152.24	152.24	152.24
2019-01-02 09:58:24-05:00	152.24	152.24	152.24	152.24
2019-01-02 09:58:25-05:00	152.23	152.23	152.23	152.23
2019-01-02 09:58:26-05:00	152.2	152.2	152.2	152.2
2019-01-02 09:58:27-05:00	152.22	152.22	152.22	152.22
2019-01-02 09:58:28-05:00	152.23	152.23	152.23	152.23
2019-01-02 09:58:30-05:00	152.25	152.25	152.25	152.25
2019-01-02 09:58:31-05:00	152.26	152.26	152.26	152.26
2019-01-02 09:58:32-05:00	152.27	152.27	152.27	152.27
2019-01-02 09:58:33-05:00	152.24	152.24	152.24	152.24
2019-01-02 09:58:35-05:00	152.21	152.21	152.21	152.21
2019-01-02 09:58:36-05:00	152.22	152.22	152.22	152.22
2019-01-02 09:58:37-05:00	152.19	152.19	152.19	152.19
2019-01-02 09:58:38-05:00	152.2	152.2	152.2	152.2
2019-01-02 09:58:40-05:00	152.21	152.21	152.21	152.21
2019-01-02 09:58:41-05:00	152.21	152.21	152.21	152.21
2019-01-02 09:58:42-05:00	152.15	152.15	152.15	152.15
2019-01-02 09:58:43-05:00	152.18	152.18	152.18	152.18
2019-01-02 09:58:44-05:00	152.17	152.17	152.17	152.17
2019-01-02 09:58:45-05:00	152.16	152.16	152.16	152.16
2019-01-02 09:58:46-05:00	152.15	152.15	152.15	152.15
2019-01-02 09:58:47-05:00	152.13	152.13	152.13	152.13
2019-01-02 09:58:48-05:00	152.18	152.18	152.18	152.18
2019-01-02 09:58:49-05:00	152.15	152.15	152.15	152.15
2019-01-02 09:58:50-05:00	152.17	152.17	152.17	152.17
2019-01-02 09:58:52-05:00	152.17	152.17	152.17	152.17
2019-01-02 09:58:53-05:00	152.17	152.17	152.17	152.17
2019-01-02 09:58:54-05:00	152.18	152.18	152.18	152.18
2019-01-02 09:58:55-05:00	152.19	152.19	152.19	152.19
2019-01-02 09:58:56-05:00	152.19	152.19	152.19	152.19
2019-01-02 09:58:57-05:00	152.16	152.16	152.16	152.16
2019-01-02 09:58:58-05:00	152.19	152.19	152.19	152.19
2019-01-02 09:58:59-05:00	152.18	152.18	152.18	152.18
2019-01-02 09:59:00-05:00	152.17	152.17	152.17	152.17
2019-01-02 09:59:01-05:00	152.17	152.17	152.17	152.17
2019-01-02 09:59:02-05:00	152.18	152.18	152.18	152.18
2019-01-02 09:59:03-05:00	152.19	152.19	152.19	152.19
2019-01-02 09:59:04-05:00	152.14	152.14	152.14	152.14
2019-01-02 09:59:06-05:00	152.17	152.17	152.17	152.17
2019-01-02 09:59:07-05:00	152.18	152.18	152.18	152.18
2019-01-02 09:59:09-05:00	152.18	152.18	152.18	152.18
2019-01-02 09:59:10-05:00	152.18	152.18	152.18	152.18
2019-01-02 09:59:11-05:00	152.21	152.21	152.21	152.21
2019-01-02 09:59:12-05:00	152.21	152.21	152.21	152.21
2019-01-02 09:59:13-05:00	152.2	152.2	152.2	152.2
2019-01-02 09:59:14-05:00	152.19	152.19	152.19	152.19
2019-01-02 09:59:15-05:00	152.21	152.21	152.21	152.21
2019-01-02 09:59:18-05:00	152.17	152.17	152.17	152.17
2019-01-02 09:59:20-05:00	152.14	152.14	152.14	152.14
2019-01-02 09:59:21-05:00	152.15	152.15	152.15	152.15
2019-01-02 09:59:22-05:00	152.14	152.14	152.14	152.14
2019-01-02 09:59:23-05:00	152.13	152.13	152.13	152.13
2019-01-02 09:59:24-05:00	152.14	152.14	152.14	152.14
2019-01-02 09:59:26-05:00	152.13	152.13	152.13	152.13
2019-01-02 09:59:27-05:00	152.14	152.14	152.14	152.14
2019-01-02 09:59:28-05:00	152.16	152.16	152.16	152.16
2019-01-02 09:59:29-05:00	152.15	152.15	152.15	152.15
2019-01-02 09:59:30-05:00	152.12	152.12	152.12	152.12
2019-01-02 09:59:31-05:00	152.1	152.1	152.1	152.1
2019-01-02 09:59:32-05:00	152.12	152.12	152.12	152.12
2019-01-02 09:59:34-05:00	152.13	152.13	152.13	152.13
2019-01-02 09:59:35-05:00	152.14	152.14	152.14	152.14
2019-01-02 09:59:37-05:00	152.13	152.13	152.13	152.13
2019-01-02 09:59:38-05:00	152.16	152.16	152.16	152.16
2019-01-02 09:59:39-05:00	152.14	152.14	152.14	152.14
2019-01-02 09:59:41-05:00	152.16	152.16	152.16	152.16
2019-01-02 09:59:42-05:00	152.2	152.2	152.2	152.2
2019-01-02 09:59:43-05:00	152.21	152.21	152.21	152.21
2019-01-02 09:59:44-05:00	152.22	152.22	152.22	152.22
2019-01-02 09:59:45-05:00	152.2	152.2	152.2	152.2
2019-01-02 09:59:46-05:00	152.19	152.19	152.19	152.19
2019-01-02 09:59:47-05:00	152.19	152.19	152.19	152.19
2019-01-02 09:59:48-05:00	152.2	152.2	152.2	152.2
2019-01-02 09:59:49-05:00	152.18	152.18	152.18	152.18
2019-01-02 09:59:50-05:00	152.18	152.18	152.18	152.18
2019-01-02 09:59:51-05:00	152.21	152.21	152.21	152.21
2019-01-02 09:59:52-05:00	152.23	152.23	152.23	152.23
2019-01-02 09:59:53-05:00	152.24	152.24	152.24	152.24
2019-01-02 09:59:55-05:00	152.27	152.27	152.27	152.27
2019-01-02 09:59:58-05:00	152.25	152.25	152.25	152.25
2019-01-02 09:59:59-05:00	152.26	152.26	152.26	152.26